"code","source_page","view","schematic_x","schematic_y","primary_source_description","learning_note_he","learning_note_en","comparison_code","alternative_he","focused_check","alignment_33","source_conflict_33","review_status","reviewer","review_date","review_notes"
"LU 1","26","torsoFront","308","180","On the anterior thoracic region, at the same level as the first intercostal space, lateral to the infraclavicular fossa, 6 B-cun lateral to the anterior median line. Note 1: After locating LU2, LU1 is located 1 B-cun inferior to LU2. Note 2: ST14, KI26, CV20 and LU1 are located on the transverse line along the first intercostal space.","LU 2 קשורה לשקע שמתחת לעצם הבריח; LU 1 נמצאת נמוך יותר, בגובה המרווח הבין־צלעי הראשון. מעבר בין שתי הנקודות משנה גם את ציון הדרך, ולא רק את המספר.","LU 2 refers to the infraclavicular depression; LU 1 is lower, at the first intercostal level. The anatomical reference changes along with the point number.","LU 2","","supplied dataset","","","ממתין לסקירה מקצועית","","",""
"LU 2","26","torsoFront","308","130","On the anterior thoracic region, in the depression of the infraclavicular fossa, medial to the coracoid process of the scapula, 6 B-cun lateral to the anterior median line. Note 1: After identifying the deltopectoral triangle when the arm is flexed and slightly abducted against resistance, LU2 is in the centre of the deltopectoral triangle. Note 2: ST13, KI27, CV21 and LU2 are located on the transverse line along the inferior border of the clavicle.","LU 2 קשורה לשקע שמתחת לעצם הבריח; LU 1 נמצאת נמוך יותר, בגובה המרווח הבין־צלעי הראשון. מעבר בין שתי הנקודות משנה גם את ציון הדרך, ולא רק את המספר.","LU 2 refers to the infraclavicular depression; LU 1 is lower, at the first intercostal level. The anatomical reference changes along with the point number.","LU 1","","supplied dataset","","","ממתין לסקירה מקצועית","","",""
"LU 3","27","armFront","405","260","On the anterolateral aspect of the arm, just lateral to the border of the biceps brachii muscle, 3 B-cun inferior to the anterior axillary fold. Note: Longitudinally, LU3 is located at the same level as the junction of the upper one third and lower two thirds of the line con- necting the level with anterior axillary fold to LU5.","שתי הנקודות מתוארות ביחס לשריר הדו־ראשי ולקפל בית השחי הקדמי. ההבחנה ביניהן היא המרחק מן הקפל: 3 לעומת 4 B-cun לכיוון המרפק.","Both use the biceps and anterior axillary fold. The distinguishing measure from that fold is 3 versus 4 B-cun toward the elbow.","LU 4","","supplied dataset","","","ממתין לסקירה מקצועית","","",""
"LU 4","27","armFront","410","292","On the anterolateral aspect of the arm, just lateral to the border of the biceps brachii muscle, 4 B-cun inferior to the anterior axillary fold.","שתי הנקודות מתוארות ביחס לשריר הדו־ראשי ולקפל בית השחי הקדמי. ההבחנה ביניהן היא המרחק מן הקפל: 3 לעומת 4 B-cun לכיוון המרפק.","Both use the biceps and anterior axillary fold. The distinguishing measure from that fold is 3 versus 4 B-cun toward the elbow.","LU 3","","supplied dataset","","","ממתין לסקירה מקצועית","","",""
"LU 5","28","armFront","425","450","On the anterior aspect of the elbow, at the cubital crease, in the depression lateral to the biceps brachii tendon. Note: With the elbow flexed, LU5 is located at the cubital crease, between LI11 and PC3, separated from PC3 by the biceps brachii tendon.","קפל המרפק הוא ציון דרך משותף. LU 5 מתוארת בצד הרדיאלי של גיד הדו־ראשי, ו־PC 3 בצדו האולנרי. הגיד עוזר להבין את ההבדל בין צדי הקפל.","Both use the elbow crease. LU 5 is described on the radial side of the biceps tendon and PC 3 on its ulnar side; the tendon distinguishes the sides.","PC 3","","supplied dataset","","","ממתין לסקירה מקצועית","","",""
"LU 6","28","armFront","402","629","On the anterolateral aspect of the forearm, on the line connecting LU5 with LU9, 7 B- cun superior to the palmar wrist crease. Note: LU6 is 5 B-cun inferior to LU5, 1 B-cun superior to the midpoint of the line connecting LU5 with LU9.","העוגן הוא הקו בין LU 5 ל־LU 9. המידה 7 B-cun נמדדת מקפל שורש כף היד כלפי מעלה; אין לבלבל אותה עם המרחק מהמרפק.","Use the LU 5–LU 9 line. The 7 B-cun measure starts at the wrist crease and runs proximally; it is not measured from the elbow.","LU 7","","supplied dataset","","","ממתין לסקירה מקצועית","","",""
"LU 7","29","armFront","385","826","On the radial aspect of the forearm, between the tendons of the abductor pollicis longus and the extensor pollicis brevis muscles, in the groove for the abductor pollicis longus tendon, 1.5 B-cun superior to the palmar wrist crease.","המרחק מקפל שורש כף היד שונה: 1.5 B-cun ב־LU 7 לעומת 1 B-cun ב־LU 8. חשוב לקרוא גם את היחס לגידים ולזיז הרדיאלי, משום שהמרחק לבדו אינו מתאר את המיקום.","The wrist-crease distances differ: 1.5 B-cun for LU 7 and 1 B-cun for LU 8. Their tendon and radial-styloid relationships also matter; distance alone is insufficient.","LU 8","","supplied dataset","","","ממתין לסקירה מקצועית","","",""
"LU 8","29","armFront","390","844","On the anterolateral aspect of the forearm, between the radial styloid process and the radial artery, 1 B-cun superior to the palmar wrist crease. Note: 1 B-cun superior to LU9.","המרחק מקפל שורש כף היד שונה: 1.5 B-cun ב־LU 7 לעומת 1 B-cun ב־LU 8. חשוב לקרוא גם את היחס לגידים ולזיז הרדיאלי, משום שהמרחק לבדו אינו מתאר את המיקום.","The wrist-crease distances differ: 1.5 B-cun for LU 7 and 1 B-cun for LU 8. Their tendon and radial-styloid relationships also matter; distance alone is insufficient.","LU 7","","supplied dataset","","","ממתין לסקירה מקצועית","","",""
"LU 9","30","armFront","390","880","On the anterolateral aspect of the wrist, between the radial styloid process and the scaphoid bone, in the depression ulnar to the abductor pollicis longus tendon. Note: On the radial side of the palmar wrist crease, over the radial artery.","החישור ועצם הסירה ממקמים את LU 9 בצד הכפי־רדיאלי של שורש כף היד. LI 5 נמצאת בצד הגבי, בשקע ההרחה האנטומי. תחילה קובעים את פני היד, ואחר כך את השקע.","Radius and scaphoid locate LU 9 on the palmar-radial wrist. LI 5 uses the dorsal anatomical snuffbox. Establish the hand surface before identifying the depression.","LI 5","","supplied dataset","","","ממתין לסקירה מקצועית","","",""
"LU 10","30","handPalm","310","665","On the palm, radial to the midpoint of the first metacarpal bone, at the border between the red and white flesh.","LU 10 מתוארת בצד הכפי, לצד אמצע עצם המסרק הראשונה; LI 4 נמצאת בגב כף היד בין עצמות המסרק הראשונה והשנייה. בחירת הצד הכפי או הגבי קודמת להשוואת הסימונים.","LU 10 lies on the palm, radial to the first-metacarpal midpoint; LI 4 is on the dorsum between the first two metacarpals. Establish the hand surface before comparing the markers.","LI 4","","supplied dataset","הסימון הוצב בצד הרדיאלי של אמצע עצם המסרק הראשונה בשכבה החדשה.","","ממתין לסקירה מקצועית","","",""
"LU 11","31","handBack","180","454","On the thumb, radial to the distal phalanx, 0.1 f-cun proximal-lateral to the radial corner of the thumb nail, at the intersection of the vertical line of the radial border and the horizontal line of the base of the thumb nail.","שתי הרשומות משתמשות בפינת הציפורן, אך באצבעות שונות: LU 11 באגודל ו־LI 1 באצבע המורה. מזהים קודם את האצבע, ורק אחר כך את צד הציפורן.","Both refer to a nail corner, but LU 11 uses the thumb and LI 1 the index finger. Identify the digit before identifying its nail side.","LI 1","","supplied dataset","נוסף מבט גבי עם ציפורן אגודל; הסימון סמוך לפינה הרדיאלית של בסיס הציפורן.","","ממתין לסקירה מקצועית","","",""
"LI 1","34","handBack","330","250","On the index finger, radial to the distal phalanx, 0.1 f-cun proximal-lateral to the radial corner of the index fingernail, at the intersection of the vertical line of the radial border of the fingernail and the horizontal line of the base of the index fingernail.","שתי הרשומות משתמשות בפינת הציפורן, אך באצבעות שונות: LU 11 באגודל ו־LI 1 באצבע המורה. מזהים קודם את האצבע, ורק אחר כך את צד הציפורן.","Both refer to a nail corner, but LU 11 uses the thumb and LI 1 the index finger. Identify the digit before identifying its nail side.","LU 11","","supplied dataset","הסימון הוזז אל אזור הפינה הרדיאלית של בסיס ציפורן המורה.","","ממתין לסקירה מקצועית","","",""
"LI 2","34","handBack","320","402","On the index finger, in the depression distal to the radial side of the second metacarpophalangeal joint, at the border between the red and white flesh.","שתיהן בצד הרדיאלי של האצבע המורה. LI 2 דיסטלית למפרק המסרק־גליל השני, ואילו LI 3 פרוקסימלית לו. קו המפרק הוא ההבחנה המרכזית.","Both are on the radial index-finger side. LI 2 is distal to the second metacarpophalangeal joint; LI 3 is proximal. The joint separates the two descriptions.","LI 3","","supplied dataset","","","ממתין לסקירה מקצועית","","",""
"LI 3","35","handBack","330","491","On the dorsum of the hand, in the depression radial and proximal to the second metacarpophalangeal joint.","שתיהן בצד הרדיאלי של האצבע המורה. LI 2 דיסטלית למפרק המסרק־גליל השני, ואילו LI 3 פרוקסימלית לו. קו המפרק הוא ההבחנה המרכזית.","Both are on the radial index-finger side. LI 2 is distal to the second metacarpophalangeal joint; LI 3 is proximal. The joint separates the two descriptions.","LI 2","","supplied dataset","","","ממתין לסקירה מקצועית","","",""
"LI 4","35","handBack","350","620","On the dorsum of the hand, radial to the midpoint of the second metacarpal bone.","LU 10 מתוארת בצד הכפי, לצד אמצע עצם המסרק הראשונה; LI 4 נמצאת בגב כף היד בין עצמות המסרק הראשונה והשנייה. בחירת הצד הכפי או הגבי קודמת להשוואת הסימונים.","LU 10 lies on the palm, radial to the first-metacarpal midpoint; LI 4 is on the dorsum between the first two metacarpals. Establish the hand surface before comparing the markers.","LU 10","","MSK patient education comparison","הסימון הותאם לצד הרדיאלי של אמצע עצם המסרק השנייה.","","ממתין לסקירה מקצועית","","",""
"LI 5","36","handBack","390","835","On the posterolateral aspect of the wrist, at the radial side of the dorsal wrist crease, distal to the radial styloid process, in the depression of the anatomical snuffbox. Note : The depression of the anatomical snuffbox is formed when the thumb is fully abducted and extended between the tendons of the extensor pollicis longus and the extensor pollicis brevis.","שקע ההרחה האנטומי נמצא בצד האגודל בגב שורש כף היד, מעבר לזיז החישור לכיוון האצבעות. LU 9 קשורה לצד הכפי; שתיהן רדיאליות, אך אינן באותו מבט.","The anatomical snuffbox is on the thumb side of the dorsal wrist, distal to the radial styloid. LU 9 is palmar: sharing the radial side does not mean sharing the surface.","LU 9","","supplied dataset","","","ממתין לסקירה מקצועית","","",""
"LI 6","36","armBack","380","773","On the posterolateral aspect of the forearm, on the line connecting LI5 with LI11, 3 B- cun superior to the dorsal wrist crease. Note: LI6 is located at the junction of the upper three fourths and the lower one fourth of the line connecting LI5 with LI11.","הקו בין LI 5 ל־LI 11 משותף לכמה נקודות. כאן המרחק הוא 3 B-cun מעל קפל שורש כף היד הגבי; ב־LI 7 המרחק הוא 5 B-cun.","Several points share the LI 5–LI 11 line. Here the level is 3 B-cun above the dorsal wrist crease; LI 7 uses 5 B-cun.","LI 7","","supplied dataset","","","ממתין לסקירה מקצועית","","",""
"LI 7","37","armBack","385","701","On the posterolateral aspect of the forearm, on the line connecting LI5 with LI11, 5 B- cun superior to the dorsal wrist crease.","הבחינו בין גובה הנקודה לבין קו הייחוס שלה: LI 7 נמצאת על קו LI 5–LI 11, במרחק 5 B-cun מעל קפל שורש כף היד הגבי.","Separate reference line from level: LI 7 uses the LI 5–LI 11 line, 5 B-cun above the dorsal wrist crease.","LI 6","","supplied dataset","","","ממתין לסקירה מקצועית","","",""
"LI 8","37","armBack","380","593","On the posterolateral aspect of the forearm, on the line connecting LI5 with LI11, 4 B- cun inferior to the cubital crease. Note: LI8 is located at the junction of the upper one third and lower two thirds of the line connecting LI5 with LI11, 1 B-cun inferior to LI9.","כאן מתחילים את קריאת המרחק מקפל המרפק: 4 B-cun לכיוון שורש כף היד. LI 9 נמצאת קרוב יותר למרפק, במרחק 3 B-cun ממנו.","Read the distance from the elbow crease: 4 B-cun toward the wrist. LI 9 is nearer the elbow, 3 B-cun from that crease.","LI 9","","supplied dataset","","","ממתין לסקירה מקצועית","","",""
"LI 9","38","armBack","370","557","On the posterolateral aspect of the forearm, on the line connecting LI5 with LI11, 3 B- cun inferior to the cubital crease.","נקודת המוצא היא קפל המרפק, והכיוון הוא מטה לאורך האמה. המרחק המתואר הוא 3 B-cun; קו הייחוס מחבר את LI 5 עם LI 11.","The reference is the elbow crease and the direction is distally along the forearm. The stated distance is 3 B-cun on the LI 5–LI 11 line.","LI 10","","supplied dataset","","","ממתין לסקירה מקצועית","","",""
"LI 10","38","armBack","360","522","On the posterolateral aspect of the forearm, on the line connecting LI5 with LI11, 2 B- cun inferior to the cubital crease.","LI 11 קשורה לקצה הצדדי של קפל המרפק. LI 10 נמצאת באמה, 2 B-cun דיסטלית ל־LI 11. מתחילים בזיהוי המרפק לפני שמפרשים את המרחק.","LI 11 uses the lateral elbow-crease region. LI 10 is on the forearm, 2 B-cun distal to LI 11. Establish the elbow reference before interpreting the distance.","LI 11","","supplied dataset","","","ממתין לסקירה מקצועית","","",""
"LI 11","39","armBack","350","450","On the lateral aspect of the elbow, at the midpoint of the line connecting LU5 with the lateral epicondyle of the humerus. Note: When the elbow is fully flexed, LI11 is located in the depression on the lateral end of the cubital crease.","LI 11 קשורה לקצה הצדדי של קפל המרפק. LI 10 נמצאת באמה, 2 B-cun דיסטלית ל־LI 11. מתחילים בזיהוי המרפק לפני שמפרשים את המרחק.","LI 11 uses the lateral elbow-crease region. LI 10 is on the forearm, 2 B-cun distal to LI 11. Establish the elbow reference before interpreting the distance.","LI 10","","supplied dataset","","","ממתין לסקירה מקצועית","","",""
"LI 12","39","armBack","345","420","On the posterolateral aspect of the elbow, superior to the lateral epicondyle of the humerus, anterior to the lateral supraepicondylar ridge.","כאן העוגן הוא העילית העלי הצדדית של עצם הזרוע והשלוחה שמעליה. המיקום מתואר מעל העילית ולפני הרכס שמעליה; אין להסתפק בקפל המרפק המשמש להשוואה עם LI 11.","Use the lateral humeral epicondyle and the ridge above it. The location is superior to the epicondyle and anterior to the ridge; the LI 11 elbow-crease reference alone is insufficient.","LI 11","","supplied dataset","","","ממתין לסקירה מקצועית","","",""
"LI 13","40","armBack","370","355","On the lateral aspect of the arm, on the line connecting LI11 with LI15, 3 B-cun supe- rior to the cubital crease.","LI 13 שייכת לזרוע, מעל המרפק: 3 B-cun מעל קפל המרפק על הקו שבין LI 11 ל־LI 15. ההבחנה זרוע/אמה חשובה לפני השוואת המרחקים.","LI 13 is on the arm above the elbow: 3 B-cun above the crease on the LI 11–LI 15 line. Establish arm versus forearm before comparing distances.","LI 11","","supplied dataset","","","ממתין לסקירה מקצועית","","",""
"LI 14","40","armBack","385","228","On the lateral aspect of the arm, just anterior to the border of the deltoid muscle, 7 B-cun superior to LI11.","LI 14 קשורה לגבול הקדמי של שריר הדלתא, 7 B-cun מעל LI 11. LI 15 קשורה לשקע שליד שיא הכתף. גבול שריר ושקע ליד עצם הם שני עוגנים שונים.","LI 14 uses the anterior deltoid border, 7 B-cun above LI 11. LI 15 uses a depression by the acromion. Distinguish a muscle border from a depression beside bone.","LI 15","","supplied dataset","","","ממתין לסקירה מקצועית","","",""
"LI 15","41","armBack","410","105","On the shoulder girdle, in the depression between the anterior end of lateral border of the acromion and the greater tubercle of the humerus. Note: When the arm is abducted, two depressions appear, anterior and posterior to the acromion. LI15 is located in the deeper depression anterior to the acromion. tE14 is located in the posterior depression.","שתי הנקודות קשורות לכתף ולזיז שיא הכתף. LI 15 מתוארת בשקע הקדמי־תחתון ביחס אליו, ו־TE 14 בשקע האחורי־תחתון. מבט קדמי בלבד עלול להסתיר את ההבדל.","Both concern the shoulder and acromion. LI 15 uses the anteroinferior depression and TE 14 the posteroinferior depression. An anterior view alone obscures the distinction.","TE 14","","supplied dataset","","","ממתין לסקירה מקצועית","","",""
"LI 16","41","armBack","430","80","On the shoulder girdle, in the depression between the acromial end of the clavicle and the spine of the scapula. Note: In the depression between the two bones lateral to the suprascapular fossa.","LI 16 נמצאת בשקע שבין הקצה הצדדי של עצם הבריח לקוץ השכמה. SI 12 קשורה לגומה שמעל קוץ השכמה. זיהוי שתי העצמות מונע בלבול בין השקע לגומה הרחבה.","LI 16 uses the depression between the acromial clavicular end and the scapular spine. SI 12 uses the supraspinous fossa. Identify the two bones before confusing the depression with the broader fossa.","SI 12","","supplied dataset","","","ממתין לסקירה מקצועית","","",""
"LI 17","42","face","380","830","On the anterior aspect of the neck, at the same level as the cricoid cartilage, just posterior to the border of the sternocleido- mastoid muscle. Note: Directly inferior to LI18, at the same level as St10.","סחוס הטבעת קובע את הגובה. היחס לשריר מפנה הראש מבדיל בין הרשומות: LI 17 מאחורי גבולו, ו־ST 10 לפניו.","The cricoid cartilage sets the level. The sternocleidomastoid relationship distinguishes the records: LI 17 is just posterior to its border, ST 10 just anterior.","ST 10","","supplied dataset","","","ממתין לסקירה מקצועית","","",""
"LI 18","42","face","380","780","On the anterior aspect of the neck, at the same level as the superior border of the thyroid cartilage, between the anterior and posterior borders of the sternocleidomastoid muscle.","הגובה הוא הגבול העליון של סחוס התריס. במפלס זה LI 18 מתוארת בין הגבול הקדמי לאחורי של שריר מפנה הראש, ולא לפני השריר.","The level is the superior thyroid-cartilage border. LI 18 lies between the anterior and posterior sternocleidomastoid borders rather than anterior to the muscle.","ST 9","","supplied dataset","","","ממתין לסקירה מקצועית","","",""
"LI 19","43","face","468","592","On the face, at the same level as the midpoint of the philtrum, inferior to the lateral margin of the nostril. Note: 0.5 B-cun laterals to GV 26. Remarks: Alternative location for LI19 - On the face, at the same level as the junc- tion of the upper one third and lower two thirds of the philtrum, inferior to the lateral margin of the nostril.","GV 26 נמצאת בקו האמצע של הפילטרום, ו־LI 19 לצדו ומתחת לשוליים הצדדיים של הנחיר. לשתי הרשומות חלופה בגובה שונה; יש להשוות ראשי לראשי וחלופי לחלופי.","GV 26 is on the philtrum midline; LI 19 lies beside it below the lateral nostril margin. Both have an alternative vertical level: compare primary with primary and alternative with alternative.","GV 26","חלופה: גובה המפגש בין השליש העליון לשני השלישים התחתונים של הפילטרום, מתחת לשוליים הצדדיים של הנחיר.","focused WHO excerpt check (3.2)","","","ממתין לסקירה מקצועית","","",""
"LI 20","43","face","454","553","On the face, in the nasolabial sulcus, at the same level as the midpoint of lateral border of the ala of the nose. Remarks: Alternative location for LI20 - On the face, in the nasolabial sulcus, at the level of the inferior border of the ala of the nose.","LI 20 משתמשת בחריץ האף־שפתי ובכנף האף. ST 3 משתמשת בקו שמתחת לאישון ובגובה השוליים התחתונים של כנף האף. דמיון בגובה אינו זהות במיקום הצדדי.","LI 20 uses the nasolabial sulcus and nasal ala. ST 3 uses the line below the pupil and the inferior alar level. Similar height does not mean the same lateral position.","ST 3","חלופה: בחריץ האף־שפתי, בגובה השוליים התחתונים של כנף האף.","focused WHO excerpt check (3.2)","","","ממתין לסקירה מקצועית","","",""
"ST 1","46","face","400","445","On the face, between the eyeball and the infraorbital margin, directly inferior to the pupil.","ST 1 מתוארת בין גלגל העין לשוליים התחתונים של הארובה; ST 2 מתוארת בפתח התת־ארובתי שמתחתיהם. אלה שני ציוני דרך שונים סביב העין.","ST 1 refers to the interval between the eyeball and inferior orbital margin; ST 2 to the infraorbital foramen below it. These are distinct orbital landmarks.","ST 2","","supplied dataset","","","ממתין לסקירה מקצועית","","",""
"ST 2","46","face","400","470","On the face, in the infraorbital foramen.","ST 1 מתוארת בין גלגל העין לשוליים התחתונים של הארובה; ST 2 מתוארת בפתח התת־ארובתי שמתחתיהם. אלה שני ציוני דרך שונים סביב העין.","ST 1 refers to the interval between the eyeball and inferior orbital margin; ST 2 to the infraorbital foramen below it. These are distinct orbital landmarks.","ST 1","","supplied dataset","","","ממתין לסקירה מקצועית","","",""
"ST 3","47","face","400","568","On the face, directly inferior to the pupil, at the same level as the inferior border of the ala of the nose. Note: When looking straight ahead, ST3 is located at the intersection of the vertical line of the pupil and the horizontal line of the inferior border of the ala of the nose.","LI 20 משתמשת בחריץ האף־שפתי ובכנף האף. ST 3 משתמשת בקו שמתחת לאישון ובגובה השוליים התחתונים של כנף האף. דמיון בגובה אינו זהות במיקום הצדדי.","LI 20 uses the nasolabial sulcus and nasal ala. ST 3 uses the line below the pupil and the inferior alar level. Similar height does not mean the same lateral position.","LI 20","","supplied dataset","גובה הסימון הותאם לגבול התחתון של כנף האף.","","ממתין לסקירה מקצועית","","",""
"ST 4","47","face","410","625","On the face, 0.4 f-cun lateral to the angle of the mouth. Note: Lateral to the angle of the mouth, the point is located in the nasolabial sulcus or on the continuation of the nasolabial sulcus.","זווית הפה היא העוגן של ST 4, עם היסט צדדי של 0.4 F-cun. CV 24 נמצאת בקו האמצע מתחת לשפה התחתונה. פינת הפה וקפל השפה־סנטר אינם אותו מבנה.","ST 4 uses a 0.4 F-cun lateral offset from the mouth corner. CV 24 is midline below the lower lip. Distinguish the mouth angle from the mentolabial groove.","CV 24","","supplied dataset","הסימון הופרד מזווית הפה לצד הלטרלי.","","ממתין לסקירה מקצועית","","",""
"ST 5","48","face","340","655","On the face, anterior to the angle of the mandible, in the depression anterior to the masseter attachment, over the facial artery.","ST 5 מתוארת סמוך לשפת הלסת ולקצה הקדמי של שריר הלעיסה. ST 6 משתמשת בבליטת השריר כשהלסת נסגרת. יש להבחין בין שפת העצם לבין גוף השריר.","ST 5 refers to the mandibular edge and anterior masseter border. ST 6 uses the muscle prominence when the jaw closes. Distinguish the bony edge from the muscle belly.","ST 6","","supplied dataset","","","ממתין לסקירה מקצועית","","",""
"ST 6","48","face","318","598","On the face, one fingerbreadth (middle finger) anterosuperior to the angle of the mandible. Note: On the bisector of the angle of the mandible. When the mouth is closed and the teeth are clenched, this point is located at the prominence of the masseter and in the depression felt when the clenched teeth are released.","ST 5 מתוארת סמוך לשפת הלסת ולקצה הקדמי של שריר הלעיסה. ST 6 משתמשת בבליטת השריר כשהלסת נסגרת. יש להבחין בין שפת העצם לבין גוף השריר.","ST 5 refers to the mandibular edge and anterior masseter border. ST 6 uses the muscle prominence when the jaw closes. Distinguish the bony edge from the muscle belly.","ST 5","","supplied dataset","","","ממתין לסקירה מקצועית","","",""
"ST 7","49","headSide","522","490","On the face, in the depression between the midpoint of the inferior border of the zygomatic arch and the mandibular notch. Note: When the mouth is closed, ST7 is located at the depression inferior to the zygomatic arch, directly inferior to gB3.","השקע של ST 7 מתואר מתחת לאמצע קשת עצם הלחי ולצד מגרעת הלסת התחתונה. GB 3 נמצאת מעל הקשת. הקשת היא גבול ההשוואה, ולא קו האוזן.","ST 7 is below the zygomatic-arch midpoint by the mandibular notch. GB 3 lies above the arch. The arch, rather than an ear-level line, separates the locations.","GB 3","","supplied dataset","","","ממתין לסקירה מקצועית","","",""
"ST 8","49","scalp","270","225","On the head, 0.5 B-cun directly superior to the anterior hairline at the corner of the forehead, 4.5 B-cun lateral to the anterior median line.","ST 8 משלבת חצי B-cun מעל קו השיער הקדמי בפינת המצח עם היסט של 4.5 B-cun מקו האמצע. שני הכיוונים נדרשים; גובה קו השיער לבדו אינו קובע את הצד.","ST 8 combines half a B-cun above the anterior hairline at the forehead corner with a 4.5 B-cun lateral offset. Hairline height alone does not define the lateral position.","GB 13","","supplied dataset","","","ממתין לסקירה מקצועית","","",""
"ST 9","50","face","430","780","In the anterior region of the neck, at the same level as the superior border of the thyroid cartilage, anterior to the sternocleidomastoid muscle, over the common carotid artery. Note 1: The sternocleidomastoid muscle is more distinct when the head is turned to the opposite side against resistance. Note 2: ST9 is located at the same level as LI18, SI16 and the superior border of the thyroid cartilage. St9 is located anterior to the sternocleidomastoid muscle, and SI16, posterior to the sternocleidomastoid muscle and LI18, between the anterior and posterior borders of the sternocleidomastoid muscle.","בגובה הגבול העליון של סחוס התריס, ST 9 נמצאת לפני שריר מפנה הראש; LI 18 בין גבולות השריר. אזכור עורק התרדמה במקור הוא מידע אנטומי, ולא הנחיה לחיפוש באמצעות לחיצה.","At the superior thyroid-cartilage level, ST 9 is anterior to sternocleidomastoid; LI 18 is between its borders. The carotid reference describes anatomy, not a pressure-based locating exercise.","LI 18","","supplied dataset","","","ממתין לסקירה מקצועית","","",""
"ST 10","50","face","430","830","In the anterior region of the neck, at the same level as the cricoid cartilage, just anterior to the border of the sternocleidomastoid muscle.","בגובה סחוס הטבעת, ST 10 קשורה לגבול הקדמי של שריר מפנה הראש. LI 17 משתמשת באותו גובה אך ביחס אחורי לשריר.","At cricoid level, ST 10 is just anterior to the sternocleidomastoid border. LI 17 uses the same level with a posterior muscle relationship.","LI 17","","supplied dataset","","","ממתין לסקירה מקצועית","","",""
"ST 11","51","face","451","907","In the anterior region of the neck, in the lesser supraclavicular fossa, superior to the sternal end of the clavicle, in the depression between the sternal and clavicular heads of the sternocleidomastoid muscle. Note 1: The sternocleidomastoid muscle is more distinct when the head is turned to the opposite side against resistance. Note 2: ST11 is located superior to the clavicle, inferior to St9.","ST 11 משתמשת בשקע הקטן מעל הקצה הסטרנלי של עצם הבריח, בין שני ראשי שריר מפנה הראש. ST 12 משתמשת בשקע העל־בריחי הגדול והצדדי יותר.","ST 11 uses the lesser supraclavicular fossa above the sternal clavicular end, between the two sternocleidomastoid heads. ST 12 uses the larger, more lateral supraclavicular fossa.","ST 12","","supplied dataset","","","ממתין לסקירה מקצועית","","",""
"ST 12","51","face","295","907","In the anterior region of the neck, in the greater supraclavicular fossa, 4 B-cun lateral to the anterior median line, in the depression superior to the clavicle.","עצם הבריח מפרידה בין ההגדרות: ST 12 בשקע שמעליה ו־ST 13 מתחתיה, שתיהן עם היסט של 4 B-cun מקו האמצע. קובעים תחילה מעל או מתחת לעצם.","The clavicle separates the definitions: ST 12 is above it and ST 13 below it, both with a 4 B-cun midline offset. First establish which side of the bone is described.","ST 13","","supplied dataset","","","ממתין לסקירה מקצועית","","",""
"ST 13","52","torsoFront","372","130","In the anterior thoracic region, inferior to the clavicle, 4 B-cun lateral to the anterior median line.","ST 13 מתוארת מתחת לעצם הבריח, 4 B-cun מקו האמצע. ST 14 משתמשת במרווח הבין־צלעי הראשון. אין להחליף את השקע התת־בריחי במרווח שבין הצלעות.","ST 13 is below the clavicle at a 4 B-cun midline offset. ST 14 uses the first intercostal space. The infraclavicular region and an intercostal space are distinct references.","ST 14","","supplied dataset","","","ממתין לסקירה מקצועית","","",""
"ST 14","52","torsoFront","372","180","In the anterior thoracic region, in the first intercostal space, 4 B-cun lateral to the anterior median line.","המרווח הראשון וההיסט של 4 B-cun מגדירים את ST 14. ST 15 שומרת על ההיסט אך עוברת למרווח השני. מספר המרווח מציין את הרווח שמתחת לצלע בעלת אותו מספר.","The first intercostal space and a 4 B-cun offset define ST 14. ST 15 keeps the offset but uses the second space. A space is numbered for the rib above it.","ST 15","","supplied dataset","","","ממתין לסקירה מקצועית","","",""
"ST 15","53","torsoFront","372","230","In the anterior thoracic region, in the sec- ond intercostal space, 4 B-cun lateral to the anterior median line. Note: The second intercostal space is in- ferior to the second rib which is located at the same level as the sternal angle.","ST 15 ו־SP 20 משתמשות במרווח הבין־צלעי השני; ההבדל הוא ההיסט מקו האמצע: 4 לעומת 6 B-cun. המרווח מעוקל, ולכן הסכמה אינה סרגל אופקי על הגוף.","ST 15 and SP 20 share the second intercostal space, with offsets of 4 and 6 B-cun respectively. The space curves; a schematic horizontal level is not a body ruler.","SP 20","","supplied dataset","","","ממתין לסקירה מקצועית","","",""
"ST 16","53","torsoFront","372","280","In the anterior thoracic region, in the third intercostal space, 4 B-cun lateral to the anterior median line.","המרווח הבין־צלעי השלישי משותף לשתי הרשומות. ST 16 משתמשת בהיסט של 4 B-cun ו־SP 19 בהיסט של 6 B-cun. ההבחנה היא רוחבית בתוך אותו מרווח.","Both records use the third intercostal space. ST 16 has a 4 B-cun offset and SP 19 a 6 B-cun offset. Their distinction is lateral position within the same space.","SP 19","","supplied dataset","","","ממתין לסקירה מקצועית","","",""
"ST 17","54","torsoFront","372","330","In the anterior thoracic region, at the centre of the nipple. Note: In males, the centre of the nipple is located in the fourth intercostal space.","ההגדרה הראשית משתמשת במרכז הפטמה כציון הדרך. אין להחליף את ציון הדרך הזה אוטומטית במספר קבוע של מרווח בין־צלעי לכל גוף.","The primary definition uses the nipple centre. Do not automatically replace this landmark with a fixed intercostal-space number for every body.","LR 14","","supplied dataset","","","ממתין לסקירה מקצועית","","",""
"ST 18","54","torsoFront","372","380","In the anterior thoracic region, in the fifth intercostal space, 4 B-cun lateral to the anterior median line. Note: In males, ST 18 is located at the intersection of nipple line and the fifth intercostal space. In females, ST 18 is located at the midpoint of the inferior crease of the breast.","ST 18 מתוארת במרווח הבין־צלעי החמישי, 4 B-cun מקו האמצע; SP 17 באותו מרווח, 6 B-cun ממנו. קפל שד או קו פטמה אינם מחליפים זיהוי של המרווח המתואר.","ST 18 uses the fifth intercostal space at 4 B-cun from the midline; SP 17 uses 6 B-cun in that space. A breast fold or nipple line does not replace the stated intercostal reference.","SP 17","","supplied dataset","","","ממתין לסקירה מקצועית","","",""
"ST 19","55","torsoFront","436","510","On the upper abdomen, 6 B-cun superior to the centre of the umbilicus, 2 B-cun lateral to the anterior median line. Note 1: ST 19 is 2 B-cun lateral to CV14. Note 2: If the infrasternal angle is too sharp and the rib is located inferior to ST 19, ST 19 can be reached by oblique needling.","מרכז הטבור קובע את הגובה: 6 B-cun מעליו. ST 19 נמצאת 2 B-cun לצד קו האמצע, ואילו CV 14 בקו האמצע באותו גובה. אין למדוד את שתי המידות באותו כיוון.","The umbilicus sets the level, 6 B-cun superiorly. ST 19 lies 2 B-cun lateral to the midline; CV 14 is midline at that level. The two measures describe different axes.","CV 14","","supplied dataset","","","ממתין לסקירה מקצועית","","",""
"ST 20","55","torsoFront","436","545","On the upper abdomen, 5 B-cun superior to the centre of the umbilicus, 2 B-cun lateral to the anterior median line. Note: ST20 is 5 B-cun superior to ST25, 1 B-cun inferior to St19, 2 B-cun lateral to CV13.","ST 20 נמצאת בגובה CV 13, 5 B-cun מעל הטבור, אך 2 B-cun לצד קו האמצע. ביחס ל־ST 19 היא נמוכה יותר; ההיסט הצדדי נשאר קבוע.","ST 20 shares CV 13’s level, 5 B-cun above the umbilicus, but lies 2 B-cun lateral. It is lower than ST 19 while retaining the same lateral offset.","CV 13","","supplied dataset","","","ממתין לסקירה מקצועית","","",""
"ST 21","56","torsoFront","436","580","On the upper abdomen, 4 B-cun superior to the centre of the umbilicus, 2 B-cun lateral to the anterior median line. Note: ST21 is 4 B-cun superior to ST25, 1 B-cun inferior to St20, 2 B-cun lateral to CV12.","כאן הגובה הוא 4 B-cun מעל הטבור וההיסט הצדדי הוא 2 B-cun. CV 12 מספקת השוואה בקו האמצע באותו גובה. תחילה מזהים גובה, ואז את העמודה הצדדית.","Here the level is 4 B-cun above the umbilicus and the lateral offset is 2 B-cun. CV 12 provides the midline comparison at that level. Establish level before lateral column.","CV 12","","supplied dataset","","","ממתין לסקירה מקצועית","","",""
"ST 22","56","torsoFront","436","615","On the upper abdomen, 3 B-cun superior to the centre of the umbilicus, 2 B-cun lateral to the anterior median line. Note: ST22 is located at the same level and lateral to KI18 and CV11.","ST 22 ו־KI 18 נמצאות 3 B-cun מעל הטבור. ST 22 מרוחקת 2 B-cun מקו האמצע ו־KI 18 חצי B-cun בלבד; אין לבלבל שיתוף גובה עם שיתוף מסלול.","ST 22 and KI 18 lie 3 B-cun above the umbilicus. Their lateral offsets are 2 and 0.5 B-cun. Sharing a level does not mean occupying the same channel column.","KI 18","","supplied dataset","","","ממתין לסקירה מקצועית","","",""
"ST 23","57","torsoFront","436","650","On the upper abdomen, 2 B-cun superior to the centre of the umbilicus, 2 B-cun lateral to the anterior median line. Note: ST23 is located at the same level and lateral to KI17 and CV10.","גובה שתי הנקודות הוא 2 B-cun מעל הטבור. ST 23 בעמודה של 2 B-cun מקו האמצע, ו־KI 17 בעמודה של חצי B-cun. ההשוואה היא בין העמודות ולא בין מספרי הנקודות.","Both points are 2 B-cun above the umbilicus. ST 23 uses the 2 B-cun lateral column and KI 17 the 0.5 B-cun column. Compare columns rather than point numbers.","KI 17","","supplied dataset","","","ממתין לסקירה מקצועית","","",""
"ST 24","57","torsoFront","436","685","On the upper abdomen, 1 B-cun superior to the centre of the umbilicus, 2 B-cun lateral to the anterior median line. Note: ST24 is at the same level and lateral to CV9.","ST 24 נמצאת 1 B-cun מעל הטבור ו־2 B-cun לצד קו האמצע. CV 9 מייצגת את אותו גובה בקו האמצע. אין להחליף בין הגובה מעל הטבור למרחק ממנו הצדה.","ST 24 is 1 B-cun above the umbilicus and 2 B-cun lateral to the midline. CV 9 is midline at that level. Keep the superior and lateral distances separate.","CV 9","","supplied dataset","","","ממתין לסקירה מקצועית","","",""
"ST 25","58","torsoFront","436","720","On the upper abdomen, 2 B-cun lateral to the centre of the umbilicus.","הטבור קובע כאן את הגובה ללא היסט מעלה או מטה. ST 25 נמצאת 2 B-cun לצדו, ו־SP 15 במרחק 4 B-cun. הטבור הוא נקודת ייחוס, ולא אחת הנקודות הצדדיות.","The umbilicus sets the level with no superior or inferior offset. ST 25 is 2 B-cun lateral and SP 15 is 4 B-cun lateral. The umbilicus is their reference, not either lateral point.","SP 15","","supplied dataset","","","ממתין לסקירה מקצועית","","",""
"ST 26","58","torsoFront","436","755","On the lower abdomen, 1 B-cun inferior to the centre of the umbilicus, 2 B-cun lateral to the anterior median line. Note: ST26 is at the same level and lateral to KI15 and CV7.","שתי הנקודות נמצאות 1 B-cun מתחת לטבור. ההיסט הצדדי שונה: 2 B-cun ב־ST 26 וחצי B-cun ב־KI 15. ״מתחת לטבור״ מתאר גובה בלבד.","Both points are 1 B-cun below the umbilicus. ST 26 lies 2 B-cun lateral and KI 15 lies 0.5 B-cun lateral. “Below the umbilicus” specifies only their level.","KI 15","","supplied dataset","","","ממתין לסקירה מקצועית","","",""
"ST 27","59","torsoFront","436","790","On the lower abdomen, 2 B-cun inferior to the centre of the umbilicus, 2 B-cun lateral to the anterior median line. Note: ST27 is at the same level and lateral to KI14 and CV5.","ST 27 מתוארת 2 B-cun מתחת לטבור ו־2 B-cun מקו האמצע. CV 5 נמצאת בקו האמצע באותו גובה. שוויון המספרים בשתי המידות אינו הופך אותן לאותו כיוון.","ST 27 is 2 B-cun below the umbilicus and 2 B-cun lateral to the midline. CV 5 is midline at that level. Equal numbers still describe different directions.","CV 5","","supplied dataset","","","ממתין לסקירה מקצועית","","",""
"ST 28","59","torsoFront","436","825","On the lower abdomen, 3 B-cun inferior to the centre of the umbilicus, 2 B-cun lateral to the anterior median line. Note: ST28 is 3 B-cun inferior to ST25, 1 B-cun inferior to St27, 2 B-cun lateral to CV4.","הגובה של ST 28 הוא 3 B-cun מתחת לטבור, בגובה CV 4; ההיסט מקו האמצע הוא 2 B-cun. CV 4 עוזרת לקרוא את שורת הגובה בלי לשנות את העמודה של ST.","ST 28 is 3 B-cun below the umbilicus, level with CV 4, and 2 B-cun lateral. CV 4 helps identify the level without changing the ST lateral column.","CV 4","","supplied dataset","","","ממתין לסקירה מקצועית","","",""
"ST 29","60","torsoFront","436","860","On the lower abdomen, 4 B-cun inferior to the centre of the umbilicus, 2 B-cun lateral to the anterior median line. Note: ST29 is 4 B-cun inferior to ST25, 1 B-cun inferior to St28, 2 B-cun lateral to CV3.","ST 29 נמצאת 4 B-cun מתחת לטבור ו־2 B-cun לצד קו האמצע. CV 3 בקו האמצע באותו גובה. זהו גובה שמעל הגבול העליון של מאחה הערווה, ולא הגבול עצמו.","ST 29 is 4 B-cun below the umbilicus and 2 B-cun lateral, level with midline CV 3. This is superior to the upper pubic-symphysis border, not at the border itself.","CV 3","","supplied dataset","","","ממתין לסקירה מקצועית","","",""
"ST 30","60","torsoFront","436","895","In the groin region, at the same level as the superior border of the pubic symphysis, 2 B-cun lateral to the anterior median line, over the femoral artery. Note: ST30 is 5 B-cun inferior to ST25, 2 B-cun lateral to CV2.","הגבול העליון של מאחה הערווה קובע את הגובה. ST 30 נמצאת 2 B-cun הצדה ו־CV 2 בקו האמצע. המקור מזכיר את עורק הירך; הסימון אינו הוראה ללחיצה באזור.","The superior pubic-symphysis border sets the level. ST 30 is 2 B-cun lateral and CV 2 midline. The source mentions the femoral artery; the marker is not an instruction to apply pressure.","CV 2","","supplied dataset","","","ממתין לסקירה מקצועית","","",""
"ST 31","61","legFront","555","155","On the anterior aspect of the thigh, in the depression among three muscles: the proximal portion of the rectus femoris muscle, the sartorius muscle and the tensor fasciae latae muscle. Note 1: With the hip and the knee in slight flexion, and the thigh slightly abducted when resistance is placed against the anteromedial aspect of the thigh, a triangular depression appears. the proximal portion of the rectus femoris muscle is found in the depression between the sartorius muscle medially and the tensor fascia latae muscle laterally. St31 is located at the deepest point in the depression inferior to the apex of this triangle. Note 2: ST31 is located at the intersection of the line connecting the lateral end of the base of the patella with the anterior superior iliac spine, and the horizontal line of the inferior border of the pubic symphysis.","ST 31 מוגדרת בשקע בין שלושה שרירים בחלק העליון של הירך: הישר הירכי, החייטים ומותח המחתלה הרחבה. ST 32 משתמשת במדידה מבסיס הפיקה. אין לצמצם את ST 31 למרחק מהברך בלבד.","ST 31 uses the proximal thigh depression between rectus femoris, sartorius and tensor fasciae latae. ST 32 uses a patellar-base measurement. A knee distance alone does not describe ST 31.","ST 32","","supplied dataset","","","ממתין לסקירה מקצועית","","",""
"ST 32","62","legFront","555","320","On the anterolateral aspect of the thigh, on the line connecting the lateral end of the base of the patella with the anterior superior iliac spine, 6 B-cun superior to the base of the patella.","שני קצות קו הייחוס הם הקצה הצדדי של בסיס הפיקה וקוץ הכסל הקדמי העליון. את 6 B-cun מודדים בתיאור מבסיס הפיקה כלפי מעלה.","The reference line joins the lateral patellar base and the ASIS. The stated 6 B-cun distance runs superiorly from the patellar base.","ST 31","","supplied dataset","","","ממתין לסקירה מקצועית","","",""
"ST 33","62","legFront","555","395","On the anterolateral aspect of the thigh, lateral to the rectus femoris tendon, 3 B-cun superior to the base of the patella. Note: ST33 is at the midpoint of the line connecting St32 with the lateral end of the base of the patella.","בסיס הפיקה הוא מוצא המרחק: ST 33 נמצאת 3 B-cun מעליו ולצד גיד הישר הירכי. ST 34 נמוכה ממנה ב־1 B-cun. בסיס הפיקה הוא גבולה העליון, לא הקצה התחתון.","ST 33 lies 3 B-cun above the patellar base, lateral to the rectus-femoris tendon. ST 34 is 1 B-cun lower. The patellar base is the superior border, not its lower tip.","ST 34","","supplied dataset","","","ממתין לסקירה מקצועית","","",""
"ST 34","63","legFront","568","420","On the anterolateral aspect of the thigh, between the vastus lateralis muscle and the lateral border of the rectus femoris tendon, 2 B-cun superior to the base of the patella. Note: Putting the thigh muscle under tension, the rectus femoris tendon and the vastus lateralis muscle are more distinct. St34 is located between the muscle and the tendon, 1 B-cun directly inferior to St33.","השקע שבין השריר הרחב הצדדי לגבול הצדדי של גיד הישר הירכי מגדיר את הצד. הגובה הוא 2 B-cun מעל בסיס הפיקה, לעומת 3 B-cun ב־ST 33.","The interval between vastus lateralis and the lateral rectus-femoris tendon border defines the side. The level is 2 B-cun above the patellar base, compared with 3 B-cun for ST 33.","ST 33","","supplied dataset","","","ממתין לסקירה מקצועית","","",""
"ST 35","63","legFront","570","510","On the anterior aspect of the knee, in the depression lateral to the patellar ligament. Note: When the knee is flexed, ST35 is located in the depression lateral and inferior to the patella.","ST 35 משתמשת בשקע שלצד רצועת הפיקה. ST 36 נמצאת בשוק, 3 B-cun מתחת ל־ST 35. מזהים את מפרק הברך בנפרד מגוף השוק.","ST 35 uses the depression beside the patellar ligament. ST 36 lies on the leg, 3 B-cun below ST 35. Distinguish the knee reference from the lower-leg region.","ST 36","","supplied dataset","","","ממתין לסקירה מקצועית","","",""
"ST 36","64","legFront","570","583","On the anterior aspect of the leg, on the line connecting ST35 with ST41, 3 B-cun inferior to ST35. Note: ST36 is located on the tibialis anterior muscle.","ST 35 משתמשת בשקע שלצד רצועת הפיקה. ST 36 נמצאת בשוק, 3 B-cun מתחת ל־ST 35. מזהים את מפרק הברך בנפרד מגוף השוק.","ST 35 uses the depression beside the patellar ligament. ST 36 lies on the leg, 3 B-cun below ST 35. Distinguish the knee reference from the lower-leg region.","ST 35","","supplied dataset","","","ממתין לסקירה מקצועית","","",""
"ST 37","64","legFront","570","656","On the anterior aspect of the leg, on the line connecting ST35 with ST41, 6 B-cun inferior to ST35. Note: ST37 is located on the tibialis anterior muscle.","שתי הרשומות משתמשות ב־ST 35 כייחוס, אך במרחקים של 6 ו־9 B-cun מתחתיה. סדר המספור אינו מייצג מרווחים שווים בין כל נקודות המסלול.","Both use ST 35 as a reference, at 6 and 9 B-cun below it respectively. Point numbering does not imply equal spacing throughout the channel.","ST 39","","supplied dataset","","","ממתין לסקירה מקצועית","","",""
"ST 38","65","legFront","570","705","On the anterior aspect of the leg, on the line connecting ST35 with ST41, 8 B-cun inferior to ST35. Note: ST38 is located on the tibialis anterior muscle, at the same level as St40.","שתיהן באזור אמצע השוק, אך ST 40 מתוארת לטרלית ל־ST 38. לצד הגובה, בודקים את היחס לשריר השוקתי הקדמי ולגבול השוקה.","Both are around the middle of the lower leg; ST 40 is described lateral to ST 38. Read the tibialis-anterior and tibial-border relationship as well as the level.","ST 40","","supplied dataset","","","ממתין לסקירה מקצועית","","",""
"ST 39","65","legFront","570","729","On the anterior aspect of the leg, on the line connecting ST35 with ST41, 9 B-cun inferior to ST35. Note: ST39 is located on the tibialis anterior muscle, at the same level as GB35 and gB36.","שתי הרשומות משתמשות ב־ST 35 כייחוס, אך במרחקים של 6 ו־9 B-cun מתחתיה. סדר המספור אינו מייצג מרווחים שווים בין כל נקודות המסלול.","Both use ST 35 as a reference, at 6 and 9 B-cun below it respectively. Point numbering does not imply equal spacing throughout the channel.","ST 37","","supplied dataset","","","ממתין לסקירה מקצועית","","",""
"ST 40","66","legFront","625","705","On the anterolateral aspect of the leg, lateral border of the tibialis anterior muscle, 8 B-cun superior to the prominence of the lateral malleolus. Note: ST40 is one fingerbreadth (middle finger) lateral to ST38.","שתיהן באזור אמצע השוק, אך ST 40 מתוארת לטרלית ל־ST 38. לצד הגובה, בודקים את היחס לשריר השוקתי הקדמי ולגבול השוקה.","Both are around the middle of the lower leg; ST 40 is described lateral to ST 38. Read the tibialis-anterior and tibial-border relationship as well as the level.","ST 38","","supplied dataset","","","ממתין לסקירה מקצועית","","",""
"ST 41","66","footTop","500","780","On the anterior aspect of the ankle, in the depression at the centre of the front surface of the ankle joint, between the tendons of extensor hallucis longus and extensor digitorum longus. Note: ST41 is located between two tendons on the dorsum of the foot which are more distinct when the ankle is in dorsiflexion, and is at the midpoint of the line connecting the prominences of the lateral malleolus and the medial malleolus.","ST 41 נמצאת בקדמת מפרק הקרסול בין גידי פושט הבוהן הארוך ופושט האצבעות הארוך. ST 42 קדמית יותר בכף הרגל ומשתמשת בחיבור עצמות. גיד ומפרק גרמי אינם עוגנים חלופיים זה לזה.","ST 41 uses the anterior ankle interval between extensor hallucis longus and extensor digitorum longus tendons. ST 42 uses a bony junction farther onto the foot. Tendons and bone joints are distinct references.","ST 42","","supplied dataset","","","ממתין לסקירה מקצועית","","",""
"ST 42","67","footTop","462","610","On the dorsum of the foot, at the joint of the base of the second metatarsal bone and the intermediate cuneiform bone, over the dorsalis pedis artery.","העוגן של ST 42 הוא החיבור בין בסיס המסרק השני לעצם היתד האמצעית. LR 3 נמצאת במרווח שבין המסרקים הראשון והשני. בסיס עצם ומרווח בין עצמות אינם אותו מקום.","ST 42 uses the second-metatarsal-base/intermediate-cuneiform joint. LR 3 uses the first–second metatarsal interval. Distinguish a bone’s base joint from a space between adjacent bones.","LR 3","","supplied dataset","","","ממתין לסקירה מקצועית","","",""
"ST 43","67","footTop","495","460","On the dorsum of the foot, between the second and third metatarsal bones, in the depression proximal to the second metatarsophalangeal joint.","LR 3 מתוארת בין עצמות המסרק הראשונה והשנייה. ST 43 בין השנייה לשלישית. ספירת העצמות מן הבוהן מבדילה בין שני המרווחים בגב כף הרגל.","LR 3 uses the first–second metatarsal interval; ST 43 the second–third interval. Counting bones from the great toe separates these dorsal-foot spaces.","LR 3","","supplied dataset","","","ממתין לסקירה מקצועית","","",""
"ST 44","68","footTop","495","310","On the dorsum of the foot, between the second and third toes, posterior to the web margin, at the border between the red and white flesh.","ST 44 משתמשת ברווח שבין האצבעות השנייה והשלישית; LR 2 ברווח שבין הבוהן לאצבע השנייה. הספירה מתחילה בבוהן, גם כשהאיור מוצג מהצד.","ST 44 uses the second–third toe interval; LR 2 the great–second toe interval. Toe numbering starts with the great toe regardless of the viewing direction.","LR 2","","supplied dataset","","","ממתין לסקירה מקצועית","","",""
"ST 45","68","footTop","475","182","On the second toe, lateral to the distal phalanx, 0.1 f-cun proximal-lateral to the lateral corner of the second toenail, at the intersection of the vertical line of the lateral border and the horizontal line of the base of the second toenail.","ST 45 קשורה לפינה הצדדית של ציפורן האצבע השנייה בכף הרגל, 0.1 F-cun לכיוון שורש האצבע והצדה. GB 44 משתמשת באצבע הרביעית. סופרים אצבעות מן הבוהן לפני בחירת הפינה.","ST 45 uses the lateral second-toenail corner with a 0.1 F-cun proximal-lateral offset. GB 44 uses the fourth toe. Count digits from the great toe before selecting the nail corner.","GB 44","","supplied dataset","","","ממתין לסקירה מקצועית","","",""
"SP 1","70","footTop","304","200","On the great toe, medial to the distal phalanx, 0.1 f-cun proximal-medial to the me- dial corner of the toenail, at the intersection of the vertical line of the medial border and horizontal line of the base of the toenail.","שתיהן בבוהן: SP 1 בצד המדיאלי ו־LR 1 בצד הלטרלי של הציפורן. זיהוי שתי פינות אותה ציפורן חשוב יותר מזכירת צד ימין או שמאל בתמונה.","Both use the great toe: SP 1 its medial nail side and LR 1 its lateral nail side. Distinguish the nail corners rather than memorizing picture left and right.","LR 1","","supplied dataset","","","ממתין לסקירה מקצועית","","",""
"SP 2","70","footMedial","792","673","On the great toe, in the depression distal to the first metatarsophalangeal joint, at the border between the red and white flesh.","SP 2 דיסטלית למפרק המסרק־גליל הראשון, ו־SP 3 פרוקסימלית לו. שתיהן מתוארות במעבר שבין עור הגב לעור הסוליה בצד הפנימי של כף הרגל.","SP 2 is distal and SP 3 proximal to the first metatarsophalangeal joint. Both use the dorsal–plantar skin transition on the medial foot.","SP 3","","supplied dataset","","","ממתין לסקירה מקצועית","","",""
"SP 3","71","footMedial","707","710","On the medial aspect of the foot, in the depression proximal to the first metatarsophalangeal joint, at the border between the red and white flesh.","SP 2 דיסטלית למפרק המסרק־גליל הראשון, ו־SP 3 פרוקסימלית לו. שתיהן מתוארות במעבר שבין עור הגב לעור הסוליה בצד הפנימי של כף הרגל.","SP 2 is distal and SP 3 proximal to the first metatarsophalangeal joint. Both use the dorsal–plantar skin transition on the medial foot.","SP 2","","supplied dataset","","","ממתין לסקירה מקצועית","","",""
"SP 4","71","footMedial","570","685","On the medial aspect of the foot, antero- inferior to the base of the first metatarsal bone, at the border between the red and white flesh. Note: A depression can be felt when mov- ing proximally from SP3. SP4 is located in the depression distal to the base of the first metatarsal bone.","SP 4 קשורה לבסיס המסרק הראשון בצד הפנימי של כף הרגל; SP 3 קרובה יותר למפרק המסרק־גליל הראשון. חשוב להבחין בין בסיס המסרק, הפונה לקרסול, לבין ראשו, הפונה לבוהן.","SP 4 uses the first-metatarsal base on the medial foot; SP 3 is nearer the first metatarsophalangeal joint. Distinguish the ankle-facing base from the toe-facing head.","SP 3","","supplied dataset","","","ממתין לסקירה מקצועית","","",""
"SP 5","72","footMedial","408","490","On the medial aspect of the foot, anteroinferior to the medial malleolus, in the depression midway between the tuberosity of the navicular bone and the prominence of the medial malleolus. Note 1: SP5 is located at the intersection of two imaginary lines: the vertical line of the anterior border of the medial malleolus and the horizontal line of the inferior border of the medial malleolus. Note 2: SP5 is located posterior to LR4 and anterior to KI6.","SP 5 נמצאת לפני ומתחת לפטישון הפנימי, בין הפטישון לגבשושית עצם הסירה. KI 6 מתוארת מתחת לפטישון. היחס הקדמי הוא ההבחנה החשובה בין שני התיאורים.","SP 5 is anterior and inferior to the medial malleolus, between it and the navicular tuberosity. KI 6 is inferior to the malleolus. The anterior relationship distinguishes the descriptions.","KI 6","","supplied dataset","","","ממתין לסקירה מקצועית","","",""
"SP 6","72","legMedial","535","807","On the tibial aspect of the leg, posterior to the medial border of the tibia, 3 B-cun superior to the prominence of the medial malleolus. Note: 1 B-cun superior to KI8.","בשתיהן ציון הדרך הוא הגבול האחורי של השוקה. ההבדל הוא הגובה מעל הפטישון הפנימי: 3 B-cun ב־SP 6 ו־6 B-cun ב־SP 7.","Both refer to the posterior tibial border. Their heights above the medial malleolus differ: 3 B-cun for SP 6 and 6 B-cun for SP 7.","SP 7","","supplied dataset","","","ממתין לסקירה מקצועית","","",""
"SP 7","73","legMedial","537","713","On the tibial aspect of the leg, posterior to the medial border of the tibia, 6 B-cun superior to the prominence of the medial malleolus. Note: 3 B-cun superior to SP6.","בשתיהן ציון הדרך הוא הגבול האחורי של השוקה. ההבדל הוא הגובה מעל הפטישון הפנימי: 3 B-cun ב־SP 6 ו־6 B-cun ב־SP 7.","Both refer to the posterior tibial border. Their heights above the medial malleolus differ: 3 B-cun for SP 6 and 6 B-cun for SP 7.","SP 6","","supplied dataset","","","ממתין לסקירה מקצועית","","",""
"SP 8","73","legMedial","538","578","On the tibial aspect of the leg, posterior to the medial border of the tibia, 3 B-cun inferior to SP9. Note: SP8 is located at the junction of the upper one third and lower two thirds of the line connecting the apex of the patella with the prominence of the medial malleolus.","SP 9 היא נקודת הייחוס למרחק של SP 8: שלושה B-cun כלפי מטה, מאחורי הגבול הפנימי של השוקה. אין למדוד כאן את שלוש היחידות מהפטישון שבקרסול.","SP 8 is measured 3 B-cun inferiorly from SP 9, posterior to the medial tibial border. The ankle malleolus is not the starting landmark for this three-unit measure.","SP 9","","supplied dataset","","","ממתין לסקירה מקצועית","","",""
"SP 9","74","legMedial","540","485","On the tibial aspect of the leg, in the depression between the inferior border of the medial condyle of the tibia and the medial border of the tibia. Note: A depression can be felt inferior to the knee joint when moving proximally along the medial border of the tibia. SP9 is located in a depression at the angle formed by the inferior border of the medial condyle of the tibia and the posterior border of the tibia.","SP 9 משתמשת בגבול התחתון של הקונדיל הפנימי של השוקה. LR 8 מתייחסת לקצה הפנימי של קפל הברך ולגידים. עצם וקפל אינם אותו ציון דרך.","SP 9 uses the inferior border of the medial tibial condyle. LR 8 uses the medial knee-crease end and tendons. A bony margin and a crease are different references.","LR 8","","supplied dataset","","","ממתין לסקירה מקצועית","","",""
"SP 10","74","legMedial","560","400","On the anteromedial aspect of the thigh, on the bulge of the vastus medialis muscle, 2 B-cun superior to the medial end of the base of the patella.","שתי הרשומות משתמשות בגובה של 2 B-cun מעל בסיס הפיקה. SP 10 קשורה לבליטת השריר הרחב הפנימי, ו־ST 34 לצד החיצוני של הירך. הגובה המשותף אינו מבטל את הבדל הצדדים.","Both records use a level 2 B-cun above the patellar base. SP 10 uses the vastus-medialis bulge; ST 34 uses the lateral thigh. Their shared level does not erase the side difference.","ST 34","","supplied dataset","","","ממתין לסקירה מקצועית","","",""
"SP 11","75","legMedial","525","275","On the medial aspect of the thigh, at the junction of the upper one third and lower two thirds of the line connecting the medial end of the base of the patella with SP12, between the sartorius muscle and the adductor longus muscle, over the femoral artery.","SP 11 מחלקת את הקו בין הקצה הפנימי של בסיס הפיקה ל־SP 12 לשליש עליון ושני שלישים תחתונים. היא בין החייטים למקרב הארוך; אין להחליף את חלוקת הקו באמצעו.","SP 11 divides the medial-patellar-base–SP 12 line into an upper third and lower two thirds. It lies between sartorius and adductor longus; this is not the line’s midpoint.","SP 12","","supplied dataset","","","ממתין לסקירה מקצועית","","",""
"SP 12","75","torsoFront","360","900","In the groin region, at the inguinal crease, lateral to the femoral artery. Note: At the same level as CV2, medial and inferior to SP13.","קפל המפשעה הוא העוגן של SP 12, בצד החיצוני של עורק הירך. SP 13 מתוארת באמצעות מרחקים מהטבור ומקו האמצע. קפל שטחי ושורת מדידה בבטן אינם אותו ציון דרך.","SP 12 uses the inguinal crease lateral to the femoral artery. SP 13 uses distances from the umbilicus and midline. A surface crease and an abdominal measurement row are different references.","SP 13","","supplied dataset","","","ממתין לסקירה מקצועית","","",""
"SP 13","76","torsoFront","372","870.5","On the lower abdomen, 4.3 B-cun inferior to the centre of the umbilicus, 4 B-cun lateral to the anterior median line.","SP 13 נמצאת 4.3 B-cun מתחת לטבור ו־4 B-cun לצד קו האמצע; SP 14 נמצאת רק 1.3 B-cun מתחת לטבור. החלק העשרוני נשמר במקור ואינו עיגול ל־4 או ל־1.","SP 13 is 4.3 B-cun below the umbilicus and 4 B-cun lateral; SP 14 is only 1.3 B-cun below. Preserve the decimal values rather than rounding them to four or one.","SP 14","","supplied dataset","","","ממתין לסקירה מקצועית","","",""
"SP 14","76","torsoFront","372","765.5","On the lower abdomen, 1.3 B-cun inferior to the centre of the umbilicus, 4 B-cun lateral to the anterior median line.","SP 14 נמצאת 1.3 B-cun מתחת לטבור ו־4 B-cun הצדה. ST 26 נמצאת 1 B-cun מתחת ו־2 B-cun הצדה. כאן משתנים גם הגובה וגם ההיסט, ולכן אין לתאר אותן כאותה שורה.","SP 14 is 1.3 B-cun below the umbilicus and 4 B-cun lateral. ST 26 is 1 B-cun below and 2 B-cun lateral. Both level and offset differ; they are not the same row.","ST 26","","supplied dataset","","","ממתין לסקירה מקצועית","","",""
"SP 15","77","torsoFront","372","720","On the upper abdomen, 4 B-cun lateral to the centre of the umbilicus. Note: At the same level and lateral to ST25, KI16 and CV8.","SP 15 נמצאת בגובה מרכז הטבור, 4 B-cun הצדה; ST 25 באותו גובה, במרחק 2 B-cun. אין מידה אנכית נוספת בתיאור הראשי של SP 15.","SP 15 is level with the umbilical centre, 4 B-cun lateral; ST 25 is 2 B-cun lateral at the same level. SP 15’s primary description adds no superior or inferior displacement.","ST 25","","supplied dataset","","","ממתין לסקירה מקצועית","","",""
"SP 16","77","torsoFront","372","615","On the upper abdomen, 3 B-cun superior to the centre of the umbilicus, 4 B-cun lateral to the anterior median line. Note: 3 B-cun superior to SP15, at the same level as CV11.","גובה SP 16 הוא 3 B-cun מעל הטבור, כמו ST 22. ההיסט הצדדי שלה הוא 4 B-cun לעומת 2 B-cun ב־ST 22. אלה שתי עמודות באותה שורת ייחוס.","SP 16 is 3 B-cun above the umbilicus, like ST 22. Its lateral offset is 4 rather than 2 B-cun. They occupy different columns at the same reference level.","ST 22","","supplied dataset","","","ממתין לסקירה מקצועית","","",""
"SP 17","78","torsoFront","308","380","In the anterior thoracic region, in the fifth intercostal space, 6 B-cun lateral to the anterior median line. Note: SP17, ST18 and KI22 are located along the curve of the fifth intercostal space.","המרווח הבין־צלעי החמישי מגדיר את הגובה. SP 17 רחוקה 6 B-cun מקו האמצע, ו־ST 18 רחוקה 4 B-cun. עוקבים אחר המרווח המעוקל ולא אחר קו ישר מהמסך.","The fifth intercostal space sets the level. SP 17 lies 6 B-cun from the midline and ST 18 lies 4 B-cun away. Follow the curved space rather than a straight screen line.","ST 18","","supplied dataset","","","ממתין לסקירה מקצועית","","",""
"SP 18","78","torsoFront","308","330","In the anterior thoracic region, in the fourth intercostal space, 6 B-cun lateral to the anterior median line. Note: SP18, ST17 and KI23 are located along the curve of the fourth intercostal space.","SP 18 ו־KI 23 משתמשות במרווח הבין־צלעי הרביעי. SP 18 בהיסט של 6 B-cun ו־KI 23 בהיסט של 2 B-cun. זיהוי המרווח קודם להשוואת העמודות.","SP 18 and KI 23 use the fourth intercostal space. Their offsets are 6 and 2 B-cun. Identify the space before comparing the lateral columns.","KI 23","","supplied dataset","","","ממתין לסקירה מקצועית","","",""
"SP 19","79","torsoFront","308","280","In the anterior thoracic region, in the third intercostal space, 6 B-cun lateral to the anterior median line. Note: SP19, ST6 and KI24 are located along the curve of the third intercostal space.","SP 19 נמצאת במרווח הבין־צלעי השלישי, 6 B-cun מקו האמצע; ST 16 באותו מרווח, 4 B-cun ממנו. מספר המרווח והמרחק מקו האמצע מגדירים יחד את ההבדל.","SP 19 uses the third intercostal space at 6 B-cun from the midline; ST 16 uses 4 B-cun in that space. Read the intercostal level and midline offset together.","ST 16","","supplied dataset","","בהערת המקור מופיע ST 6, בעוד התיאור עוסק בבית החזה. השוואת הלימוד משתמשת ב־ST 16 על סמך תיאורי המיקום הראשיים של שתי הרשומות. זוהי הכרעה עריכתית שממתינה לבדיקת איש מקצוע; אין כאן תיקון מאושר של ספר המקור.","ממתין לסקירה מקצועית","","",""
"SP 20","79","torsoFront","308","230","In the anterior thoracic region, in the sec- ond intercostal space, 6 B-cun lateral to the anterior median line. Note: SP20, ST15 and KI25 are located along the curve of the second intercostal space.","שתי הנקודות מתייחסות למרווח הבין־צלעי השני. SP 20 נמצאת רחוק יותר מקו האמצע: 6 B-cun לעומת 4 B-cun ב־ST 15. אין לספור את העצם עצמה בתור המרווח.","Both points use the second intercostal space. SP 20 is farther from the midline, 6 versus 4 B-cun for ST 15. Do not count the rib itself as the space.","ST 15","","supplied dataset","","","ממתין לסקירה מקצועית","","",""
"SP 21","80","torsoSide","480","430","In the lateral thoracic region, in the sixth intercostal space, on the midaxillary line. Note: With the subject lying on the side and the arm abducted, SP21 is located at the intersection of the midaxillary line and the sixth intercostal space.","SP 21 נמצאת במרווח הבין־צלעי השישי על הקו האמצעי של בית השחי. GB 22 משתמשת במרווח הרביעי באותו אזור צדדי. אותו קו אנכי יכול לכלול גבהים שונים.","SP 21 uses the sixth intercostal space on the midaxillary line. GB 22 uses the fourth space in the same lateral region. One vertical reference can contain different levels.","GB 22","","supplied dataset","","","ממתין לסקירה מקצועית","","",""
"HT 1","82","armFront","635","165","In the axilla, in the centre of the axillary fossa, over the axillary artery.","מרכז גומת בית השחי הוא העוגן של HT 1. HT 2 נמצאת לאורך הצד הפנימי של הזרוע ומתוארת ביחס לשריר הדו־ראשי ולמרפק. אזכור העורק בבית השחי אינו הוראת מגע.","HT 1 uses the centre of the axillary fossa. HT 2 lies along the medial arm with biceps and elbow references. Mention of the axillary artery does not provide a touching instruction.","HT 2","","supplied dataset","","","ממתין לסקירה מקצועית","","",""
"HT 2","82","armFront","585","355","On the medial aspect of the arm, just medial to the biceps brachii muscle, 3 B-cun superior to the cubital crease. Note: With the elbow flexed and the arm abducted, Ht2 is located at the junction of the upper two thirds and lower one third of the line connecting Ht1 with Ht3.","HT 2 נמצאת מדיאלית לשריר הדו־ראשי, 3 B-cun מעל קפל המרפק. ב־LU 3 המידה מתייחסת לקפל בית השחי. מספר זהה אינו בר־השוואה בלי אותו מוצא מדידה.","HT 2 is medial to biceps, 3 B-cun above the elbow crease. LU 3 measures from the axillary fold. Equal numbers are not directly comparable when their starting landmarks differ.","LU 3","","supplied dataset","","","ממתין לסקירה מקצועית","","",""
"HT 3","83","armFront","580","450","On the anteromedial aspect of the elbow, just anterior to the medial epicondyle of the humerus, at the same level as the cubital crease. Note: With the elbow is flexed, HT3 is located at the midpoint of the line connecting the medial end of the cubital crease and the medial epicondyle of the humerus.","HT 3 נמצאת לפני העילית העלי הפנימית בגובה קפל המרפק. SI 8 נמצאת מאחור, בין העילית לזיז המרפק. העילית משותפת, אך פני המפרק משתנים.","HT 3 is anterior to the medial epicondyle at elbow-crease level. SI 8 is posterior, between that epicondyle and the olecranon. The landmark is shared but the joint surface differs.","SI 8","","supplied dataset","","","ממתין לסקירה מקצועית","","",""
"HT 4","83","armFront","578","826","On the anteromedial aspect of the forearm, just radial to the flexor carpi ulnaris tendon, 1.5 B-cun proximal to the palmar wrist crease. Note 1: 1.5 B-cun proximal to HT7, at the same level as the superior border of the head of the ulna. Note 2: 1.5 B-cun proximal to the radial side of the superior border of the pisiform bone.","שתיהן סמוכות לגיד מכופף שורש כף היד האולנרי. HT 4 נמצאת 1.5 B-cun מעל הקפל הכפי ו־HT 5 נמצאת 1 B-cun מעליו.","Both lie by the flexor carpi ulnaris tendon. HT 4 is 1.5 B-cun proximal to the palmar wrist crease; HT 5 is 1 B-cun proximal.","HT 5","","supplied dataset","","","ממתין לסקירה מקצועית","","",""
"HT 5","84","armFront","578","844","On the anteromedial aspect of the forearm, radial to the flexor carpi ulnaris tendon, 1 B-cun proximal to the palmar wrist crease. Note 1: 1 B-cun proximal to HT7. HT 4 is located at the level with the root of the head of the ulna, HT 5, the body of the head of the ulna and Ht 6, the base of the head of the ulna. Note 2: 1 B-cun proximal to the radial side of the proximal border of the pisiform bone.","שתיהן סמוכות לגיד מכופף שורש כף היד האולנרי. HT 4 נמצאת 1.5 B-cun מעל הקפל הכפי ו־HT 5 נמצאת 1 B-cun מעליו.","Both lie by the flexor carpi ulnaris tendon. HT 4 is 1.5 B-cun proximal to the palmar wrist crease; HT 5 is 1 B-cun proximal.","HT 4","","supplied dataset","","","ממתין לסקירה מקצועית","","",""
"HT 6","84","armFront","578","862","On the anteromedial aspect of the forearm, radial to the flexor carpi ulnaris tendon, 0.5 B-cun proximal to the palmar wrist crease. Note 1: 0.5 B-cun proximal to HT7, at the same level as the distal border of the head of the ulna. Note 2: 0.5 B-cun proximal to the radial side of the proximal border of the pisiform bone.","HT 7 מתוארת בגובה קפל שורש כף היד; HT 6 נמצאת חצי B-cun פרוקסימלית לו. הגיד האולנרי נשאר ציון דרך משותף.","HT 7 is at the wrist crease; HT 6 is half a B-cun proximal to it. The ulnar flexor tendon remains a shared reference.","HT 7","","supplied dataset","","","ממתין לסקירה מקצועית","","",""
"HT 7","85","armFront","578","880","On the anteromedial aspect of the wrist, radial to the flexor carpi ulnaris tendon, on the palmar wrist crease. Note: In the depression radial to the proximal border of the pisiform bone, on the palmar wrist crease.","HT 7 מתוארת בגובה קפל שורש כף היד; HT 6 נמצאת חצי B-cun פרוקסימלית לו. הגיד האולנרי נשאר ציון דרך משותף.","HT 7 is at the wrist crease; HT 6 is half a B-cun proximal to it. The ulnar flexor tendon remains a shared reference.","HT 6","","supplied dataset","","","ממתין לסקירה מקצועית","","",""
"HT 8","85","handPalm","620","520","On the palm of the hand, in the depression between the fourth and fifth metacarpal bones, proximal to the fifth metacarpophalangeal joint. Note: Between the fourth and fifth metacarpal bones, where the tip of the little finger rests when a fist is made, at the same level as PC8.","HT 8 משתמשת במרווח שבין עצמות המסרק הרביעית והחמישית. המיקום הראשי של PC 8 הוא בין השנייה לשלישית; החלופה שלו בין השלישית לרביעית.","HT 8 uses the fourth–fifth metacarpal interval. Primary PC 8 uses the second–third interval; its alternative uses the third–fourth interval.","PC 8","","supplied dataset","","","ממתין לסקירה מקצועית","","",""
"HT 9","86","handBack","650","360","On the little finger, radial to the distal phalanx, 0.1 f-cun proximal-lateral to the radial corner of the little fingernail, at the intersection of the vertical line of the radial border of the nail and horizontal line of the base of the little fingernail.","שתיהן סמוכות לציפורן הזרת: SI 1 בצד האולנרי ו־HT 9 בצד הרדיאלי. יש לזהות את צד האגודל וצד הזרת לפני פירוש פינת הציפורן.","Both are near the little fingernail: SI 1 on its ulnar side and HT 9 on its radial side. Establish thumb-side and little-finger-side orientation first.","SI 1","","supplied dataset","הועברה למבט גבי עם ציפורן זרת; סמוך לפינה הרדיאלית של הבסיס.","","ממתין לסקירה מקצועית","","",""
"SI 1","88","handBack","710","360","On the little finger, ulnar to the distal phalanx, 0.1 f-cun proximal-medial to the ulnar corner of the little fingernail, at the intersection of the vertical line of ulnar border of the nail and horizontal line of the base of the little fingernail.","שתיהן סמוכות לציפורן הזרת: SI 1 בצד האולנרי ו־HT 9 בצד הרדיאלי. יש לזהות את צד האגודל וצד הזרת לפני פירוש פינת הציפורן.","Both are near the little fingernail: SI 1 on its ulnar side and HT 9 on its radial side. Establish thumb-side and little-finger-side orientation first.","HT 9","","supplied dataset","הסימון הוזז אל אזור הפינה האולנרית של בסיס ציפורן הזרת.","","ממתין לסקירה מקצועית","","",""
"SI 2","88","handBack","725","434","On the ulnar side of the little finger, distal to the fifth metacarpophalangeal joint, at the border between the palmar and dorsal skin.","המפרק החמישי מפריד בין התיאורים: SI 2 דיסטלית לו, בצד הזרת; SI 3 פרוקסימלית לו, בצד כף היד. זה התיקון המרכזי ביחס לתיאורים המשוכפלים שהיו במאגר.","The fifth metacarpophalangeal joint separates the descriptions: SI 2 is distal, on the finger side; SI 3 proximal, on the hand side. This resolves the duplicated source descriptions.","SI 3","","focused WHO excerpt correction","","","ממתין לסקירה מקצועית","","",""
"SI 3","89","handBack","730","495","On the ulnar side of the hand, proximal to the fifth metacarpophalangeal joint, at the border between the palmar and dorsal skin.","המפרק החמישי מפריד בין התיאורים: SI 2 דיסטלית לו, בצד הזרת; SI 3 פרוקסימלית לו, בצד כף היד. זה התיקון המרכזי ביחס לתיאורים המשוכפלים שהיו במאגר.","The fifth metacarpophalangeal joint separates the descriptions: SI 2 is distal, on the finger side; SI 3 proximal, on the hand side. This resolves the duplicated source descriptions.","SI 2","","focused WHO excerpt correction","","","ממתין לסקירה מקצועית","","",""
"SI 4","89","handBack","648","810","On the posteromedial aspect of the wrist, in the depression between the base of the fifth metacarpal bone and the triquetrum bone, at the border between the red and white flesh. Note: With one finger placed on SI3, push and slide proximally along the fifth metacarpal bone to the bony projection, SI4 is located in the depression between these two bones.","SI 4 משתמשת באזור שבין בסיס עצם המסרק החמישית לעצם המשולשת. SI 5 משתמשת באזור שבין זיז הגומד לעצם המשולשת, סמוך יותר לשורש כף היד.","SI 4 uses the interval between the fifth metacarpal base and triquetrum. SI 5 uses the ulnar-styloid–triquetrum region, closer to the wrist.","SI 5","","supplied dataset","הסימון הותאם למרווח שבין בסיס המסרק החמישי לעצם המשולשת בשכבת העצמות החדשה.","","ממתין לסקירה מקצועית","","",""
"SI 5","90","handBack","640","850","On the posteromedial aspect of the wrist, in the depression between the triquetrum bone and the ulnar styloid process.","SI 4 משתמשת באזור שבין בסיס עצם המסרק החמישית לעצם המשולשת. SI 5 משתמשת באזור שבין זיז הגומד לעצם המשולשת, סמוך יותר לשורש כף היד.","SI 4 uses the interval between the fifth metacarpal base and triquetrum. SI 5 uses the ulnar-styloid–triquetrum region, closer to the wrist.","SI 4","","supplied dataset","הסימון הותאם למרווח שבין זיז הגומד לעצם המשולשת בשכבת העצמות החדשה.","","ממתין לסקירה מקצועית","","",""
"SI 6","90","armBack","625","844","On the posteromedial aspect of the forearm, in the depression radial to the head of the ulnar bone, 1 B-cun proximal to the dorsal wrist crease. Note: With the palm facing downwards, press the highest point of the head of ulnar bone with a finger, and then turn the palm towards the chest; SI6 is located at the cleft between the bones where the finger slides.","ראש הגומד הוא עוגן SI 6, בשקע בצדו הרדיאלי ו־1 B-cun מעל הקפל הגבי. SI 5 משתמשת בזיז הגומד ובאזור המפרק. ראש העצם והזיז שלה אינם שמות נרדפים.","SI 6 uses the radial side of the ulnar head, 1 B-cun proximal to the dorsal crease. SI 5 uses the ulnar styloid and wrist joint region. The head and styloid are distinct landmarks.","SI 5","","supplied dataset","","","ממתין לסקירה מקצועית","","",""
"SI 7","91","armBack","620","701","On the posteromedial aspect of the forearm, between the medial border of the ulnar bone and the flexor carpi ulnaris muscle, 5 B-cun proximal to the dorsal wrist crease. Note: 1 B-cun distal to the midpoint of the line connecting SI5 with SI8.","SI 7 נמצאת בין הגבול הפנימי של הגומד למכופף האולנרי, 5 B-cun מעל הקפל הגבי. TE 9 מודדת 5 B-cun מזיז המרפק לכיוון היד. אותו מספר מתחיל מקצה אחר.","SI 7 lies between the medial ulna and flexor carpi ulnaris, 5 B-cun above the dorsal crease. TE 9 measures 5 B-cun distally from the olecranon. The same number starts at the opposite end.","TE 9","","supplied dataset","","","ממתין לסקירה מקצועית","","",""
"SI 8","91","armBack","640","450","On the posteromedial aspect of the elbow, in the depression between the olecranon and the medial epicondyle of the humerus bone. Note: When the elbow is slightly flexed, SI 8 is located in the groove for the ulnar nerve.","זיז המרפק והעילית העלי הפנימית תוחמים את השקע של SI 8 מאחור. HT 3 נמצאת לפני העילית. יש להבחין בין השקע האחורי לבין קפל המרפק הקדמי.","Olecranon and medial epicondyle bound SI 8’s posterior depression. HT 3 lies anterior to the epicondyle. Distinguish the posterior groove from the anterior elbow crease.","HT 3","","supplied dataset","","","ממתין לסקירה מקצועית","","",""
"SI 9","92","armBack","590","135","On the shoulder girdle, posteroinferior to the shoulder joint, 1 B-cun superior to the posterior axillary fold. Note: When the arm is adducted, SI 9 is located 1 B-cun superior to the posterior axillary fold, posterior to the deltoid muscle.","SI 9 מתוארת 1 B-cun מעל קפל בית השחי האחורי ומאחורי הכתף. SI 10 משתמשת בשקע שמתחת לקוץ השכמה. הקפל והקוץ אינם שתי דרכים לציין אותו גובה.","SI 9 is 1 B-cun above the posterior axillary fold behind the shoulder. SI 10 uses the depression below the scapular spine. Fold and spine are not interchangeable level references.","SI 10","","supplied dataset","","","ממתין לסקירה מקצועית","","",""
"SI 10","92","back","740","250","On the shoulder girdle, superior to the posterior axillary fold, in the depression inferior to the spine of the scapula.","קוץ השכמה מפריד בין אזורי ההשוואה: SI 10 בשקע שמתחתיו מעל קפל בית השחי האחורי, ו־SI 12 בגומה שמעליו. כיוון מעל/מתחת נקרא ביחס לעצם.","The scapular spine separates the compared regions: SI 10 is below it above the posterior axillary fold; SI 12 is in the fossa above it. Read above and below relative to the bone.","SI 12","","supplied dataset","","","ממתין לסקירה מקצועית","","",""
"SI 11","93","back","690","340","In the scapular region, in the depression between the upper one third and lower two thirds of the line connecting the midpoint of the spine of the scapula with the inferior angle of the scapula.","SI 11 קשורה לגומה שמתחת לקוץ השכמה; SI 12 לגומה שמעליו. קוץ השכמה הוא קו ההפרדה שמסביר את מיקומן על אותה עצם.","SI 11 uses the infraspinous fossa; SI 12 the supraspinous fossa. The scapular spine separates these regions of the same bone.","SI 12","","supplied dataset","","","ממתין לסקירה מקצועית","","",""
"SI 12","93","back","695","210","In the scapular region, in the supraspinatous fossa, superior to the midpoint of the spine of the scapula.","SI 11 קשורה לגומה שמתחת לקוץ השכמה; SI 12 לגומה שמעליו. קוץ השכמה הוא קו ההפרדה שמסביר את מיקומן על אותה עצם.","SI 11 uses the infraspinous fossa; SI 12 the supraspinous fossa. The scapular spine separates these regions of the same bone.","SI 11","","supplied dataset","","","ממתין לסקירה מקצועית","","",""
"SI 13","94","back","580","190","In the scapular region, in the depression superior to the medial end of the spine of the scapula. Note: SI13 is located at the midpoint of the line connecting SI10 with the spinous pro- cess of the second thoracic vertebra (T2).","SI 13 קשורה לקצה המדיאלי של קוץ השכמה ולשקע שמעליו. SI 12 מתייחסת לגומה העל־קוצית. זיהוי קצה הקוץ מחדד את המיקום בתוך אזור השכמה הרחב.","SI 13 uses the depression above the medial end of the scapular spine. SI 12 uses the supraspinous fossa. Identifying the spine’s end narrows the location within the wider scapular region.","SI 12","","supplied dataset","","","ממתין לסקירה מקצועית","","",""
"SI 14","94","back","620","195","In the upper back region, at the same level as the inferior border of the spinous process of the first thoracic vertebra (T1), 3 B-cun lateral to the posterior median line. Note 1: SI14 is located at the intersection of two imaginary lines: the vertical line of the medial extremity of the spine of the scapula and the horizontal line inferior to the spinous process of the first thoracic vertebra (T1). Note 2: SI14 is located at the same level as BL11, gV13, and the inferior border of the spinous process of the first thoracic vertebra (T1).","SI 14 ו־BL 11 מתייחסות לגבול התחתון של זיז T1. SI 14 בהיסט של 3 B-cun ו־BL 11 בהיסט של 1.5 B-cun. הגובה משותף, אך העמודה הצדדית שונה.","SI 14 and BL 11 reference the inferior border of the T1 spinous process. Their lateral offsets are 3 and 1.5 B-cun. They share a level, not a lateral column.","BL 11","","supplied dataset","","","ממתין לסקירה מקצועית","","",""
"SI 15","95","back","580","160","In the upper back region, at the same level as the inferior border of the spinous pro- cess of the seventh cervical vertebra (C7), 2 B-cun lateral to the posterior median line. Note: SI15 is located at the intersection of two imaginary lines: the vertical line of the junction of the lateral one third and the medial two thirds of the line connecting the posterior median line with the medial border of the scapula and the horizontal line inferior to the spinous process of the seventh cervical vertebra (C7).","הגבול התחתון של זיז C7 קובע את הגובה. SI 15 נמצאת 2 B-cun לצד קו האמצע, בעוד GV 14 בקו האמצע. אין להעביר לכאן אוטומטית את היסט 3 B-cun של SI 14.","The inferior C7 spinous-process border sets the level. SI 15 is 2 B-cun lateral and GV 14 midline. Do not carry over SI 14’s 3 B-cun offset to this record.","GV 14","","supplied dataset","","","ממתין לסקירה מקצועית","","",""
"SI 16","95","face","325","780","In the anterior region of the neck, posterior to the sternocleidomastoid muscle, at the same level as the superior border of the thyroid cartilage. Note 1: The sternocleidomastoid muscle is more distinct when the head is turned to the opposite side against resistance. Note 2: SI16 is located at the same level as St9, LI18 and the superior border of the thyroid cartilage. St9 is located anterior to the sternocleidomastoid muscle, SI16, posterior to the sternocleidomastoid muscle and LI18, midway between the anterior and posterior borders of the sternocleidomastoid muscle.","בגובה הגבול העליון של סחוס התריס, SI 16 מתוארת מאחורי שריר מפנה הראש. LI 18 נמצאת בין גבולותיו ו־ST 9 לפניו.","At the superior thyroid-cartilage level, SI 16 is posterior to sternocleidomastoid; LI 18 is between its borders and ST 9 anterior to it.","LI 18","","supplied dataset","","","ממתין לסקירה מקצועית","","",""
"SI 17","96","face","350","735","In the anterior region of the neck, posterior to the angle of the mandible, in the depression anterior to the sternocleidomastoid muscle. Note: The sternocleidomastoid muscle is more distinct when the head is turned to the opposite side against resistance.","זווית הלסת היא עוגן הגובה, והשקע מתואר לפני שריר מפנה הראש. TE 16 מתייחסת לגובה דומה אך לשקע מאחורי השריר.","The mandibular angle is the level reference and the depression is anterior to sternocleidomastoid. TE 16 refers to a similar level posterior to the muscle.","TE 16","","supplied dataset","","","ממתין לסקירה מקצועית","","",""
"SI 18","96","face","345","554","On the face, inferior to the zygomatic bone, in the depression directly inferior to the outer canthus of the eye.","SI 18 מתוארת מתחת לעצם הלחי, בקו היורד מזווית העין החיצונית. ST 2 משתמשת בקו שמתחת לאישון ובפתח התת־ארובתי. זווית העין והאישון מגדירים שני קווים שונים.","SI 18 lies below the zygomatic bone on the line descending from the outer eye angle. ST 2 uses the pupil line and infraorbital foramen. Eye angle and pupil define different alignments.","ST 2","","supplied dataset","","","ממתין לסקירה מקצועית","","",""
"SI 19","97","headSide","505","490","On the face, in the depression between the anterior border of the centre of the tragus and the posterior border of the condylar process of the mandible. Note: When the mouth is slightly opened, SI19 is located in the depression anterior to the centre of the tragus, between tE21 and gB2.","TE 21 מתוארת בגובה החריץ שמעל הטרגוס, ו־SI 19 בגובה אמצע הטרגוס. שינוי הגובה לאורך אותה אוזן הוא מוקד ההשוואה.","TE 21 uses the supratragic notch level, while SI 19 uses the middle of the tragus. The differing level along the same ear is the focus.","TE 21","","supplied dataset","","","ממתין לסקירה מקצועית","","",""
"BL 1","100","face","458","418","On the face, in the depression between the superomedial parts of the inner canthus of the eye and the medial wall of the orbit. Note: When the eye is closed, BL1 is located in the depression 0.1 B-cun superior and medial to the inner canthus of the eye.","ההבחנה היא זווית העין: BL 1 בזווית הפנימית, סמוך לאף; GB 1 בזווית החיצונית. פנימי וחיצוני מתייחסים לפנים של האדם, לא לצד המסך.","The distinction is the eye angle: BL 1 uses the inner, nasal angle; GB 1 the outer angle. These directions belong to the person, not to screen left and right.","GB 1","","supplied dataset","","","ממתין לסקירה מקצועית","","",""
"BL 2","100","face","456","377","On the head, in the depression at the medial end of the eyebrow. Note: A depression, the frontal notch, can often be palpated on the medial end of the eyebrow directly superior to BL1.","הקצה הפנימי של הגבה והשקע שבו מגדירים את BL 2. BL 1 קשורה לזווית העין הפנימית מתחתיה. גבה וזווית עין הם ציוני דרך נפרדים, גם כשהם סמוכים בתקריב.","BL 2 uses the depression at the medial eyebrow end. BL 1 uses the inner eye angle below it. Eyebrow and eye angle remain separate landmarks even in a close-up.","BL 1","","supplied dataset","","","ממתין לסקירה מקצועית","","",""
"BL 3","101","scalp","424","225","On the head, superior to the frontal notch, 0.5 B-cun superior to the anterior hairline. Note: Midway between GV24 and BL4.","BL 3 נמצאת חצי B-cun מעל קו השיער הקדמי, מעל החריץ המצחי; בהערת המקור היא באמצע בין GV 24 ל־BL 4. ל־BL 4 היסט צדדי מוגדר של 1.5 B-cun.","BL 3 is half a B-cun above the anterior hairline over the frontal notch; the source note places it midway between GV 24 and BL 4. BL 4 has a specified 1.5 B-cun lateral offset.","BL 4","","supplied dataset","","","ממתין לסקירה מקצועית","","",""
"BL 4","101","scalp","395","225","On the head, 0.5 B-cun superior to the anterior hairline, 1.5 B-cun lateral to the anterior median line. Note: At the junction of the medial one third and lateral two thirds of the line connecting gV24 with St8.","BL 4 נמצאת חצי B-cun מעל קו השיער, 1.5 B-cun מקו האמצע. BL 5 שומרת על ההיסט הצדדי אך נמצאת יחידה שלמה מעל קו השיער. מפרידים בין שינוי הגובה לעמודה הקבועה.","BL 4 is half a B-cun above the hairline and 1.5 B-cun lateral. BL 5 retains the lateral offset but is one full unit above the hairline. Only the hairline distance changes.","BL 5","","supplied dataset","","","ממתין לסקירה מקצועית","","",""
"BL 5","102","scalp","395","250","On the head, 1 B-cun superior to the anterior hairline, 1.5 B-cun lateral to the anterior median line. Note: 0.5 B-cun superior to BL4, at the same level as gV23.","הגובה של BL 5 הוא 1 B-cun מעל קו השיער הקדמי, כמו GV 23. BL 5 נמצאת 1.5 B-cun הצדה ו־GV 23 בקו האמצע. הקווים בסכמת הקרקפת מייצגים ייחוס יחסי.","BL 5 and GV 23 are 1 B-cun above the anterior hairline. BL 5 is 1.5 B-cun lateral; GV 23 is midline. Scalp-grid lines represent relative references rather than measured surface distances.","GV 23","","supplied dataset","","","ממתין לסקירה מקצועית","","",""
"BL 6","102","scalp","395","325","On the head, 2.5 B-cun superior to the anterior hairline, 1.5 B-cun lateral to the anterior median line. Note: 1.5 B-cun superior to BL5. 2 B-cun superior to BL4","מרחק BL 6 מקו השיער הקדמי הוא 2.5 B-cun, לעומת 4 B-cun ב־BL 7. שתיהן בעמודה של 1.5 B-cun מקו האמצע; מספור עוקב אינו מרווח של יחידה אחת.","BL 6 is 2.5 B-cun from the anterior hairline, compared with 4 B-cun for BL 7. Both use the 1.5 B-cun lateral column; consecutive numbers do not imply one-unit spacing.","BL 7","","supplied dataset","","","ממתין לסקירה מקצועית","","",""
"BL 7","103","scalp","395","400","On the head, 4 B-cun superior to the anterior hairline, 1.5 B-cun lateral to the anterior median line. Note: Midway between BL6 and BL8.","BL 7 נמצאת 4 B-cun מעל קו השיער הקדמי, באמצע בין BL 6 ל־BL 8 לפי ההערה. BL 8 נמצאת במרחק 5.5 B-cun. את המרחקים קוראים לאורך הקרקפת ולא כלפי מעלה במסך בלבד.","BL 7 is 4 B-cun from the anterior hairline and is the stated midpoint between BL 6 and BL 8. BL 8 is 5.5 B-cun from that line. Read these along the scalp, not merely screen-upward.","BL 8","","supplied dataset","","","ממתין לסקירה מקצועית","","",""
"BL 8","103","scalp","395","475","On the head, 5.5 B-cun superior to the anterior hairline, 1.5 B-cun lateral to the anterior median line. Note: 0.5 B-cun posterior and 1.5 B-cun lateral to gV20.","BL 8 מתוארת 5.5 B-cun מקו השיער הקדמי ו־1.5 B-cun הצדה. ביחס ל־GV 20 היא חצי B-cun אחורית יותר. ההיסט האחורי וההיסט הצדדי הם שני רכיבים שונים.","BL 8 is 5.5 B-cun from the anterior hairline and 1.5 B-cun lateral. Relative to GV 20 it is half a B-cun farther posteriorly. Posterior and lateral offsets are separate components.","GV 20","","supplied dataset","","","ממתין לסקירה מקצועית","","",""
"BL 9","104","headBack","402","385","On the head, at the same level as the superior border of the external occipital protuberance, and 1.3 B-cun lateral to the posterior median line. Note: BL9 is located at the intersection of two imaginary lines: the vertical line of the lateral border of the trapezius muscle and the horizontal line of the superior border of the external occipital protuberance. at the same level as gV17.","BL 9 בגובה הגבול העליון של הבליטה העורפית, 1.3 B-cun לצד קו האמצע האחורי. GV 17 בקו האמצע באותו גובה. כאן ההיסט 1.3, ולא 1.5 כמו ברבות מנקודות BL.","BL 9 is at the superior external-occipital-protuberance level, 1.3 B-cun lateral. GV 17 is midline at that level. Retain 1.3 rather than substituting the common BL offset of 1.5.","GV 17","","supplied dataset","","","ממתין לסקירה מקצועית","","",""
"BL 10","104","headBack","410","550","In the posterior region of the neck, at the same level as the superior border of the spinous process of the second cervical vertebra (C2), in the depression lateral to the trapezius muscle.","זיז C2 קובע את הגובה של BL 10, והשקע נמצא לטרלית לשריר הטרפז. GV 15 משתמשת באזור שמעל זיז C2 בקו האמצע. שם החוליה לבדו אינו מתאר את ההיסט לשריר.","C2’s spinous process sets BL 10’s level, with the depression lateral to trapezius. GV 15 uses the region above C2 on the midline. A vertebral name alone does not specify the muscle relationship.","GV 15","","supplied dataset","","","ממתין לסקירה מקצועית","","",""
"BL 11","105","back","560","195","In the upper back region, at the same level as the inferior border of the spinous process of the first thoracic vertebra (T1), 1.5 B-cun lateral to the posterior median line.","מתחילים בגבול התחתון של זיז T1, ואז בהיסט של 1.5 B-cun מקו האמצע. SI 14 נמצאת באותו גובה בהיסט 3 B-cun. BL 11 שייכת לעמודה הפנימית יותר.","Start with the inferior T1 spinous-process border, then the 1.5 B-cun lateral offset. SI 14 uses 3 B-cun at the same level. BL 11 belongs to the more medial column.","SI 14","","supplied dataset","","","ממתין לסקירה מקצועית","","",""
"BL 12","105","back","560","230","In the upper back region, at the same level as the inferior border of the spinous process of the second thoracic vertebra (T2), 1.5 B- cun lateral to the posterior median line.","הגבול התחתון של זיז T2 משותף ל־BL 12 ול־BL 41. BL 12 במרחק 1.5 B-cun מקו האמצע; BL 41 במרחק 3. זיהוי T2 אינו מספיק בלי בחירת העמודה.","BL 12 and BL 41 share the inferior T2 spinous-process level. Their offsets are 1.5 and 3 B-cun. Identifying T2 must be followed by choosing the lateral column.","BL 41","","supplied dataset","","","ממתין לסקירה מקצועית","","",""
"BL 13","106","back","560","265","In the upper back region, at the same level as the inferior border of the spinous pro- cess of the third thoracic vertebra (T3), 1.5 B-cun lateral to the posterior median line.","BL 13 נמצאת לצד הגבול התחתון של זיז T3, בהיסט 1.5 B-cun. GV 12 בקו האמצע באותו גובה. קוד BL 13 אינו מציין חוליה שמספרה 13.","BL 13 lies 1.5 B-cun lateral at the inferior T3 spinous-process level. GV 12 is midline at that level. The point number 13 does not denote a thirteenth vertebra.","GV 12","","supplied dataset","","","ממתין לסקירה מקצועית","","",""
"BL 14","106","back","560","300","In the upper back region, at the same level as the inferior border of the spinous process of the fourth thoracic vertebra (T4), 1.5 B-cun lateral to the posterior median line.","T4 מגדירה את הגובה ו־1.5 B-cun מגדירים את ההיסט של BL 14. BL 43 נמצאת בגובה זה בעמודה של 3 B-cun. שני הקודים מתייחסים לאותה חוליה למרות המספרים השונים.","T4 sets the level and 1.5 B-cun the offset for BL 14. BL 43 uses the 3 B-cun column at that level. Different point numbers can reference the same vertebra.","BL 43","","supplied dataset","","","ממתין לסקירה מקצועית","","",""
"BL 15","107","back","560","335","In the upper back region, at the same level as the inferior border of the spinous pro- cess of the fifth thoracic vertebra (T5), 1.5 B-cun lateral to the posterior median line.","העוגן האנכי הוא הגבול התחתון של זיז T5. BL 15 קרובה יותר לקו האמצע מ־BL 44: היסט של 1.5 לעומת 3 B-cun. ההשוואה עוקבת אחר הגובה לפני הרוחב.","Use the inferior T5 spinous-process border. BL 15 is nearer the midline than BL 44, at 1.5 rather than 3 B-cun. Match the vertebral level before comparing width.","BL 44","","supplied dataset","","","ממתין לסקירה מקצועית","","",""
"BL 16","107","back","560","370","In the upper back region, level with the inferior border of the spinous process of the sixth thoracic vertebra (T6), 1.5 B-cun lateral to the posterior median line.","BL 16 נמצאת 1.5 B-cun הצדה בגובה שמתחת לזיז T6. GV 10 נמצאת בקו האמצע באותו מפלס. הגבול התחתון של הזיז הוא הייחוס, ולא מרכז גוף החוליה.","BL 16 lies 1.5 B-cun lateral at the inferior T6 spinous-process level; GV 10 is midline there. The reference is the spinous-process border, not the vertebral-body centre.","GV 10","","supplied dataset","","","ממתין לסקירה מקצועית","","",""
"BL 17","108","back","560","405","In the upper back region, at the same level as the inferior border of the spinous process of the seventh thoracic vertebra (T7), 1.5 B-cun lateral to the posterior median line. Note: The inferior angle of the scapula is at the same level as the spinous process of the seventh thoracic vertebra.","BL 17 משתמשת ב־T7 ובהיסט של 1.5 B-cun. הנקודה הבאה, BL 18, משתמשת ב־T9; אין ברצף הזה נקודה מקבילה ב־T8. זו דוגמה לכך שמספור הנקודות אינו ספירת חוליות.","BL 17 uses T7 and a 1.5 B-cun offset. The next point, BL 18, uses T9; this sequence skips a T8 counterpart. Point numbering is not vertebral counting.","BL 18","","supplied dataset","","","ממתין לסקירה מקצועית","","",""
"BL 18","108","back","560","475","In the upper back region, at the same level as the inferior border of the spinous process of the ninth thoracic vertebra (T9), 1.5 B-cun lateral to the posterior median line.","ב־BL 18 הגובה הוא הגבול התחתון של זיז T9, וההיסט 1.5 B-cun. BL 47 מרוחקת 3 B-cun באותו מפלס. יש לזהות T9 ישירות, בלי להניח שהמספר ממשיך מגובה T8.","BL 18 uses the inferior T9 spinous-process level at 1.5 B-cun lateral. BL 47 uses 3 B-cun there. Identify T9 directly rather than inferring the level from point sequence.","BL 47","","supplied dataset","","","ממתין לסקירה מקצועית","","",""
"BL 19","109","back","560","510","In the upper back region, at the same level as the inferior border of the spinous process of the tenth thoracic vertebra (T10), 1.5 B- cun lateral to the posterior median line.","BL 19 נמצאת בגובה הגבול התחתון של זיז T10, 1.5 B-cun הצדה. GV 7 מייצגת את קו האמצע בגובה זה. T10 היא חוליית חזה, ולכן שייכת לסדרה T ולא L.","BL 19 is 1.5 B-cun lateral at the inferior T10 spinous-process level. GV 7 is the midline counterpart. T10 belongs to the thoracic T series, not the lumbar L series.","GV 7","","supplied dataset","","","ממתין לסקירה מקצועית","","",""
"BL 20","109","back","560","545","In the upper back region, at the same level as the inferior border of the spinous process of the 11th thoracic vertebra (T11), 1.5 B-cun lateral to the posterior median line.","BL 20 ו־BL 49 נפגשות באותה שורת ייחוס, מתחת לזיז T11. ההיסטים 1.5 ו־3 B-cun מבחינים ביניהן. שם החוליה מגדיר את השורה; שם המרידיאן אינו מגדיר לבדו את העמודה.","BL 20 and BL 49 share the inferior T11 spinous-process row. Their offsets, 1.5 and 3 B-cun, distinguish them. A channel name alone does not select a lateral column.","BL 49","","supplied dataset","","","ממתין לסקירה מקצועית","","",""
"BL 21","110","back","560","580","In the upper back region, at the same level as the inferior border of the spinous process of the 12th thoracic vertebra (T12), 1.5 B- cun lateral to the posterior median line.","BL 21 משתמשת ב־T12, החוליה האחרונה בסדרת החזה, בהיסט 1.5 B-cun. BL 22 עוברת ל־L1 שבמותן עם אותו היסט. שימו לב להחלפת האות לצד החלפת המספר.","BL 21 uses T12, the last thoracic vertebra, at 1.5 B-cun lateral. BL 22 moves to lumbar L1 with the same offset. Notice the letter change as well as the number.","BL 22","","supplied dataset","","","ממתין לסקירה מקצועית","","",""
"BL 22","110","back","560","620","In the lumbar region, at the same level as the inferior border of the spinous process of the first lumbar vertebra (L1), 1.5 B-cun lateral to the posterior median line.","העוגן הוא הגבול התחתון של זיז L1. BL 22 במרחק 1.5 B-cun מקו האמצע, ו־BL 51 במרחק 3. L1 מגדירה גובה מותני ואינה שם של נקודת לימוד.","The inferior L1 spinous-process border is the reference. BL 22 is 1.5 B-cun from the midline and BL 51 is 3 B-cun away. L1 denotes a lumbar level, not a point code.","BL 51","","supplied dataset","","","ממתין לסקירה מקצועית","","",""
"BL 23","111","back","560","660","In the lumbar region, at the same level as the inferior border of the spinous process of the second lumbar vertebra (L2), 1.5 B- cun lateral to the posterior median line.","BL 23 ממוקמת לצד זיז L2, בגובה גבולו התחתון, 1.5 B-cun מקו האמצע. GV 4 בקו האמצע באותו גובה. אין להזיז את השורה לפי קו המותניים החיצוני בלבד.","BL 23 lies 1.5 B-cun lateral at the inferior L2 spinous-process level; GV 4 is midline there. An external waist contour alone does not establish that vertebral row.","GV 4","","supplied dataset","","","ממתין לסקירה מקצועית","","",""
"BL 24","111","back","560","700","In the lumbar region, at the same level as the inferior border of the spinous process of the third lumbar vertebra (L3), 1.5 B-cun lateral to the posterior median line.","BL 24 משתמשת בגבול התחתון של זיז L3, ו־BL 25 בזיז L4. ההיסט של שתיהן 1.5 B-cun. כאן הגובה משתנה, בעוד העמודה הצדדית נשמרת.","BL 24 uses the inferior L3 spinous-process border; BL 25 uses L4. Both retain the 1.5 B-cun offset. The level changes while the lateral column stays constant.","BL 25","","supplied dataset","","","ממתין לסקירה מקצועית","","",""
"BL 25","112","back","560","740","In the lumbar region, at the same level as the inferior border of the spinous process of the fourth lumbar vertebra (L4), 1.5 B- cun lateral to the posterior median line.","הגבול התחתון של זיז L4 הוא שורת הייחוס. BL 25 נמצאת 1.5 B-cun הצדה ו־GV 3 בקו האמצע. קווי האגן בסכמה הם הקשר חזותי ואינם מחליפים את זיהוי L4.","The inferior L4 spinous-process border sets the row. BL 25 lies 1.5 B-cun lateral and GV 3 midline. Pelvic contours give context but do not replace identification of L4.","GV 3","","supplied dataset","","","ממתין לסקירה מקצועית","","",""
"BL 26","112","back","560","780","In the lumbar region, at the same level as the inferior border of the spinous process of the fifth lumbar vertebra (L5), 1.5 B-cun lateral to the posterior median line.","BL 26 עדיין משתמשת בזיז חוליה מותנית: L5, בהיסט 1.5 B-cun. BL 27 עוברת לגובה הנקב הראשון בעצה. מעבר בין הרשומות מחליף גם את סוג ציון הדרך.","BL 26 still uses a lumbar spinous process, L5, at a 1.5 B-cun offset. BL 27 moves to the first sacral-foramen level. The anatomical reference type changes between them.","BL 27","","supplied dataset","","","ממתין לסקירה מקצועית","","",""
"BL 27","113","back","560","820","In the sacral region, at the same level as the first posterior sacral foramen, and 1.5 B-cun lateral to the median sacral crest. Note: At the same level as BL31.","הנקב האחורי הראשון בעצה קובע את גובה BL 27, אך הנקודה נמצאת 1.5 B-cun מרכס העצה האמצעי. BL 31 נמצאת בנקב עצמו. ״בגובה הנקב״ אינו ״בתוך הנקב״.","The first posterior sacral foramen sets BL 27’s level, but its position is 1.5 B-cun from the median sacral crest. BL 31 uses the foramen itself. Level with is not within.","BL 31","","supplied dataset","","","ממתין לסקירה מקצועית","","",""
"BL 28","113","back","560","850","In the sacral region, at the same level as the second posterior sacral foramen, and 1.5 B-cun lateral to the median sacral crest. Note: At the same level as BL32.","BL 28 נמצאת בגובה הנקב האחורי השני, 1.5 B-cun מרכס העצה האמצעי; BL 32 בנקב עצמו. מספר הנקב קובע גובה, וההיסט קובע אם הסימון יושב עליו או לצדו.","BL 28 is level with the second posterior sacral foramen, 1.5 B-cun from the median crest; BL 32 uses the foramen itself. Foramen number and lateral offset answer different locating questions.","BL 32","","supplied dataset","","","ממתין לסקירה מקצועית","","",""
"BL 29","114","back","560","880","In the sacral region, at the same level as the third posterior sacral foramen, 1.5 B-cun lateral to the median sacral crest. Note: At the same level as BL33.","הנקב השלישי מספק את שורת הייחוס. BL 29 נמצאת 1.5 B-cun מרכס העצה, ו־BL 33 מתוארת בנקב. השוואה נכונה משאירה את הגובה קבוע ובודקת את ההיסט.","The third posterior sacral foramen supplies the reference row. BL 29 lies 1.5 B-cun from the median crest; BL 33 uses the foramen. Hold the level constant when comparing the offset.","BL 33","","supplied dataset","","","ממתין לסקירה מקצועית","","",""
"BL 30","114","back","560","910","In the sacral region, at the same level as the fourth posterior sacral foramen, 1.5 B-cun lateral to the median sacral crest. Note: 1.5 B-cun lateral to the sacral hiatus, at the same level as BL34.","BL 30 ו־BL 54 מתייחסות לגובה הנקב האחורי הרביעי בעצה. BL 30 בהיסט 1.5 B-cun ו־BL 54 בהיסט 3. פתח העצה שמוזכר בהערה הוא עוגן נוסף לגובה, לא שם הנקב הרביעי.","BL 30 and BL 54 use the fourth posterior sacral-foramen level, at offsets of 1.5 and 3 B-cun. The sacral hiatus is another level reference, not another name for the fourth foramen.","BL 54","","supplied dataset","","","ממתין לסקירה מקצועית","","",""
"BL 31","115","back","530","820","In the sacral region, in the first posterior sacral foramen. Note: The first posterior sacral foramen is palpated in the depression, moving superiorly from BL32.","הספרה הסידורית היא חלק מההגדרה: הנקב האחורי הראשון של עצם העצה. אין לערבב בין נקב מסוים לבין נקודה צדדית שנמצאת בגובה דומה.","The ordinal matters: the first posterior sacral foramen. A specific foramen is distinct from a lateral point at a similar level.","BL 27","","supplied dataset","","","ממתין לסקירה מקצועית","","",""
"BL 32","115","back","530","850","In the sacral region, in the second posterior sacral foramen. Note: The second posterior sacral foramen is located in the depression, midway be- tween the posterior superior iliac spine and the spinous process of the second sacral vertebra.","BL 32 מתוארת בנקב האחורי השני של העצה. BL 28 משתמשת באותו גובה אך בהיסט 1.5 B-cun מרכס האמצע. זיהוי הנקב עצמו קודם לקריאת הסימונים הצדדיים.","BL 32 uses the second posterior sacral foramen itself. BL 28 shares its level but lies 1.5 B-cun from the median crest. Identify the foramen before the lateral markers.","BL 28","","supplied dataset","","","ממתין לסקירה מקצועית","","",""
"BL 33","116","back","530","880","In the sacral region, in the third posterior sacral foramen. Note: The third posterior sacral foramen is located in the first depression, moving downward from BL32.","העוגן הוא הנקב האחורי השלישי של עצם העצה. מספר הנקב מגדיר את הגובה; רשומות אחרות באזור עשויות להשתמש בהיסט צדדי במקום בנקב עצמו.","The reference is the third posterior sacral foramen. Its number defines the level; other regional records may use a lateral offset rather than the foramen itself.","BL 29","","supplied dataset","","","ממתין לסקירה מקצועית","","",""
"BL 34","116","back","530","910","In the sacral region, in the fourth posterior sacral foramen. Note: The fourth posterior sacral foramen is located in the second depression, moving downward from BL32, at the same level as the sacral hiatus.","העוגן הוא הנקב האחורי הרביעי של עצם העצה. אזכור פתח העצה בהערת המקור הוא קשר של גובה, ואינו הופך את שני המבנים לאותו מבנה.","The reference is the fourth posterior sacral foramen. The source note relates its level to the sacral hiatus; these remain different structures.","BL 30","","supplied dataset","","","ממתין לסקירה מקצועית","","",""
"BL 35","117","back","520","958","In the buttock region, 0.5 B-cun lateral to the extremity of the coccyx. Note: The subject may be in prone position or knee-chest position. BL35 is located at the soft depression lateral to the extremity of the coccyx.","קצה עצם הזנב הוא העוגן של BL 35, חצי B-cun לצדו. GV 1 מוגדרת בקו האמצע בין עצם הזנב לפי הטבעת. אלה יחסים שונים לאזור, והאיור מציג אותם באופן מופשט.","BL 35 lies half a B-cun lateral to the coccygeal tip. GV 1 uses the midline between coccyx and anus. These are distinct regional relationships shown abstractly in the atlas.","GV 1","","supplied dataset","","","ממתין לסקירה מקצועית","","",""
"BL 36","117","legBack","500","150","In the buttock region, at the midpoint of the gluteal fold.","ההגדרה משתמשת באמצע קפל העכוז. זהו קפל שטחי כציון דרך, ולא מרכז שריר העכוז או עצם האגן.","The definition uses the midpoint of the gluteal fold: a surface crease, not the centre of a gluteal muscle or pelvic bone.","BL 37","","supplied dataset","","","ממתין לסקירה מקצועית","","",""
"BL 37","118","legBack","500","280","On the posterior aspect of the thigh, between the biceps femoris and the semitendinosus muscles, 6 B-cun inferior to the gluteal fold. Note 1: In the prone position, the semitendinosus and the biceps femoris muscles are more distinct when the knee is flexed against resistance. In addition, it is easier to find the two muscles with internal and external rotation of the hip. Note 2: 1 B-cun superior to the midpoint of the line connecting BL36 with BL40.","BL 36 מספקת עוגן בקפל העכוז; BL 37 נמצאת 6 B-cun מתחת לקפל, בין הדו־ראשי הירכי לחצי־גידי. זהו מרווח בין שרירי הירך, ולא מרכז קפל הברך.","BL 36 supplies the gluteal-fold reference. BL 37 is 6 B-cun below that fold, between biceps femoris and semitendinosus. It is an intermuscular thigh interval rather than the knee-crease centre.","BL 36","","supplied dataset","","","ממתין לסקירה מקצועית","","",""
"BL 38","118","legBack","600","445","On the posterior aspect of the knee, just medial to the biceps femoris tendon, 1 B-cun proximal to the popliteal crease. Note: With the knee in slight flexion, BL38 is located medial to the biceps femoris ten- don, 1 B-cun proximal to BL39.","שתיהן קשורות לגיד הדו־ראשי של הירך בצד החיצוני של אחורי הברך. BL 39 בגובה קפל הברך ו־BL 38 נמצאת 1 B-cun מעליו.","Both relate to the lateral biceps-femoris tendon behind the knee. BL 39 is at the popliteal crease; BL 38 is 1 B-cun above it.","BL 39","","supplied dataset","","","ממתין לסקירה מקצועית","","",""
"BL 39","119","legBack","600","470","On the posterolateral aspect of the knee, just medial to the biceps femoris tendon in the popliteal crease. Note: The biceps femoris tendon is more prominent when the knee is slightly flexed.","שתיהן קשורות לגיד הדו־ראשי של הירך בצד החיצוני של אחורי הברך. BL 39 בגובה קפל הברך ו־BL 38 נמצאת 1 B-cun מעליו.","Both relate to the lateral biceps-femoris tendon behind the knee. BL 39 is at the popliteal crease; BL 38 is 1 B-cun above it.","BL 38","","supplied dataset","","","ממתין לסקירה מקצועית","","",""
"BL 40","119","legBack","500","470","On the posterior aspect of the knee, at the midpoint of the popliteal crease.","קפל בית הברך הוא ציון הדרך, והמיקום הוא באמצעו. זהו המבט האחורי של הברך; אין להשוות את הסימון ישירות לקו הפיקה במבט קדמי.","Use the midpoint of the popliteal crease on the posterior knee. It is not directly interchangeable with the patellar reference on an anterior view.","BL 55","","supplied dataset","","","ממתין לסקירה מקצועית","","",""
"BL 41","120","back","620","230","In the upper back region, at the same level as the inferior border of the spinous process of the second thoracic vertebra (T2), 3 B-cun lateral to the posterior median line. Note: BL41 and BL12 are located at the same level as the inferior border of the spinous process of the second thoracic vertebra (T2).","BL 41 שייכת לעמודה החיצונית יותר, 3 B-cun מקו האמצע, בגובה הגבול התחתון של זיז T2. BL 12 באותו גובה בהיסט 1.5 B-cun; אין לבלבל מספר נקודה עם מספר חוליה.","BL 41 belongs to the outer 3 B-cun column at the inferior T2 spinous-process level. BL 12 shares the level at 1.5 B-cun. Keep point numbers separate from vertebral numbers.","BL 12","","supplied dataset","","","ממתין לסקירה מקצועית","","",""
"BL 42","120","back","620","265","In the upper back region, at the same level as the inferior border of the spinous process of the third thoracic vertebra (T3), 3 B-cun lateral to the posterior median line. Note: BL42, BL13 and GV12 are located at the same level as the inferior border of the third thoracic vertebra (T3).","ההשוואה מתחילה בזיז T3: BL 42 במרחק 3 B-cun מקו האמצע ו־BL 13 במרחק 1.5. הכפלת ההיסט אינה שינוי בגובה החוליה.","Begin at the inferior T3 spinous-process level: BL 42 is 3 B-cun from the midline and BL 13 is 1.5 B-cun away. Doubling the offset does not change the vertebral level.","BL 13","","supplied dataset","","","ממתין לסקירה מקצועית","","",""
"BL 43","121","back","620","300","In the upper back region, at the same level as the inferior border of the spinous pro- cess of the fourth thoracic vertebra (T4), 3 B-cun lateral to the posterior median line. Note: BL43 and BL14 are located at the same level as the inferior border of the spinous process of the fourth thoracic vertebra (T4).","BL 43 בגובה הגבול התחתון של זיז T4, בעמודת 3 B-cun. BL 14 היא ההשוואה הפנימית בגובה זה. גבול השכמה באיור מספק הקשר, אך אינו מחליף את שני הנתונים האלה.","BL 43 uses the inferior T4 spinous-process level in the 3 B-cun column. BL 14 is its inner-column comparison. The drawn scapular border gives context without replacing level and offset.","BL 14","","supplied dataset","","","ממתין לסקירה מקצועית","","",""
"BL 44","121","back","620","335","In the upper back region, at the same level as the inferior border of the spinous process of the fifth thoracic vertebra (T5), 3 B-cun lateral to the posterior median line. Note: BL44, BL15 and GV11 are located at the same level as the inferior border of the spinous process of the fifth thoracic vertebra (T5).","BL 44 נמצאת 3 B-cun לצד קו האמצע בגובה שמתחת לזיז T5. GV 11 נמצאת בקו האמצע באותו גובה. מתחילים בזיהוי הזיז וממשיכים למרחק הצדדי.","BL 44 is 3 B-cun lateral at the inferior T5 spinous-process level; GV 11 is midline there. Establish the spinous-process reference before the lateral distance.","GV 11","","supplied dataset","","","ממתין לסקירה מקצועית","","",""
"BL 45","122","back","620","370","In the upper back region, at the same level as the inferior border of the spinous process of the sixth thoracic vertebra (T6), 3 B-cun lateral to the posterior median line. Note: BL45, BL16 and GV10 are located at the same level as the inferior border of the spinous process of the sixth thoracic vertebra (T6).","T6 מגדירה את השורה המשותפת ל־BL 45 ול־BL 16. BL 45 מרוחקת 3 B-cun מקו האמצע ו־BL 16 רק 1.5. המראה הצדדי יותר של הסימון אינו מצביע על חוליה אחרת.","T6 defines the shared row for BL 45 and BL 16. BL 45 is 3 B-cun lateral and BL 16 only 1.5. A more lateral marker does not indicate a different vertebra.","BL 16","","supplied dataset","","","ממתין לסקירה מקצועית","","",""
"BL 46","122","back","620","405","In the upper back region, at the same level as the inferior border of the spinous process of the seventh thoracic vertebra (T7), 3 B-cun lateral to the posterior median line. Note: BL 46, BL17 and GV9 are located at the same level as the inferior border of the spinous process of the seventh thoracic vertebra (T7).","BL 46 משתמשת בגבול התחתון של זיז T7 ובהיסט 3 B-cun. BL 47 נמצאת כבר בגובה T9. גם בעמודה החיצונית רצף המספרים מדלג על גובה T8.","BL 46 uses the inferior T7 spinous-process level at 3 B-cun lateral; BL 47 moves to T9. The outer-column numbering also skips a T8 counterpart.","BL 47","","supplied dataset","","","ממתין לסקירה מקצועית","","",""
"BL 47","123","back","620","475","In the upper back region, at the same level as the inferior border of the spinous process of the ninth thoracic vertebra (T9), 3 B-cun lateral to the posterior median line. Note: BL47, BL18 and GV8 are located at the same level as the inferior border of the spinous process of the ninth thoracic vertebra (T9).","BL 47 נמצאת 3 B-cun הצדה בגובה שמתחת לזיז T9; GV 8 נמצאת בקו האמצע באותו מפלס. שני הקודים משמשים להשוואת קו אמצע ועמודה חיצונית.","BL 47 lies 3 B-cun lateral at the inferior T9 spinous-process level; GV 8 is midline at that level. The pair contrasts a midline point with the outer column.","GV 8","","supplied dataset","","","ממתין לסקירה מקצועית","","",""
"BL 48","123","back","620","510","In the upper back region, at the same level as the inferior border of the spinous pro- cess of the tenth thoracic vertebra (T10), 3 B-cun lateral to the posterior median line. Note: BL48, BL19 and GV7 are located at the same level as the inferior border of the spinous process of the tenth thoracic vertebra (T10).","הגבול התחתון של זיז T10 הוא העוגן האנכי. BL 48 מרוחקת 3 B-cun מקו האמצע, פי שניים מן ההיסט המתואר ב־BL 19. הסכמה שומרת יחס לימודי, לא סנטימטרים.","The inferior T10 spinous-process border sets the level. BL 48’s 3 B-cun offset is twice BL 19’s stated offset. The schematic expresses a teaching relationship rather than centimetres.","BL 19","","supplied dataset","","","ממתין לסקירה מקצועית","","",""
"BL 49","124","back","620","545","In the upper back region, at the same level as the inferior border of the spinous process of the 11th thoracic vertebra (T11), 3 B-cun lateral to the posterior median line. Note: BL49, BL20 and GV6 are located at the same level as the inferior border of the spinous process of the 11th thoracic vertebra (T11).","BL 49 נמצאת בגובה הגבול התחתון של זיז T11, 3 B-cun לצד קו האמצע. GV 6 בקו האמצע באותו גובה. צלעות סמוכות באיור אינן משנות את הייחוס לזיז החוליה.","BL 49 is 3 B-cun lateral at the inferior T11 spinous-process level; GV 6 is midline there. Nearby rib drawings do not change the stated spinous-process reference.","GV 6","","supplied dataset","","","ממתין לסקירה מקצועית","","",""
"BL 50","124","back","620","580","In the upper back region, at the same level as the inferior border of the spinous process of the 12th thoracic vertebra (T12), 3 B-cun lateral to the posterior median line. Note: BL50 and BL21 are located at the same level as the inferior border of the spinous process of the 12th thoracic vertebra (T12).","BL 50 מסיימת כאן את סדרת החזה ב־T12, בהיסט 3 B-cun. BL 51 ממשיכה ב־L1 שבמותן. שינוי האזור האנטומי מתרחש אף שהעמודה הצדדית נשארת זהה.","BL 50 reaches thoracic T12 with a 3 B-cun offset. BL 51 continues at lumbar L1. The anatomical region changes while the lateral column remains the same.","BL 51","","supplied dataset","","","ממתין לסקירה מקצועית","","",""
"BL 51","125","back","620","620","In the lumbar region, at the same level as the inferior border of the spinous process of the first lumbar vertebra (L1), 3 B-cun lateral to the posterior median line. Note: BL51, BL22 and GV5 are located at the same level as the inferior border of the spinous process of the first lumbar vertebra (L1).","BL 51 נמצאת 3 B-cun מקו האמצע בגובה הגבול התחתון של זיז L1. GV 5 בקו האמצע באותו מפלס. ה־L מסמנת חוליה מותנית והמספר 1 את הראשונה בסדרה זו.","BL 51 lies 3 B-cun lateral at the inferior L1 spinous-process level; GV 5 is midline there. L identifies the lumbar series and 1 its first vertebra.","GV 5","","supplied dataset","","","ממתין לסקירה מקצועית","","",""
"BL 52","125","back","620","660","In the lumbar region, at the same level as the inferior border of the spinous process of the second lumbar vertebra (L2), 3 B-cun lateral to the posterior median line. Note: BL52, BL23 and GV4 are located at the same level as the inferior border of the spinous process of the second lumbar vertebra (L2).","BL 52 ו־BL 23 חולקות את הגבול התחתון של זיז L2 כעוגן לגובה. ההיסט של BL 52 הוא 3 B-cun ושל BL 23 הוא 1.5. שורת L2 נשארת קבועה במהלך ההשוואה.","BL 52 and BL 23 share the inferior L2 spinous-process level. Their offsets are 3 and 1.5 B-cun. Keep the L2 row fixed while comparing their lateral positions.","BL 23","","supplied dataset","","","ממתין לסקירה מקצועית","","",""
"BL 53","126","back","620","850","In the buttock region, at the same level as the second posterior sacral foramen, 3 B-cun lateral to the median sacral crest. Note: BL53, BL28 and BL32 are located at the same level as the second posterior sacral foramen.","הנקב האחורי השני בעצה קובע את הגובה. BL 53 נמצאת 3 B-cun מרכס העצה האמצעי, ו־BL 28 במרחק 1.5. אף אחת מהן אינה הרשומה המתארת את הנקב עצמו.","The second posterior sacral foramen sets the level. BL 53 is 3 B-cun from the median sacral crest and BL 28 is 1.5 B-cun away. Neither record denotes the foramen itself.","BL 28","","supplied dataset","","","ממתין לסקירה מקצועית","","",""
"BL 54","126","back","620","910","In the buttock region, at the same level as the fourth posterior sacral foramen, 3 B-cun lateral to the median sacral crest. Note: 3 B-cun lateral to the sacral hiatus, at the same level as BL 30.","BL 54 בגובה הנקב האחורי הרביעי, 3 B-cun מרכס העצה האמצעי. BL 34 בנקב עצמו. פתח העצה הוא ציון דרך נפרד המוזכר בהקשר לגובה, ולא שם חלופי לנקב.","BL 54 is at the fourth posterior sacral-foramen level, 3 B-cun from the median crest. BL 34 uses the foramen. The hiatus is a separate level reference, not an alternative foramen name.","BL 34","","supplied dataset","","","ממתין לסקירה מקצועית","","",""
"BL 55","127","legBack","500","520","On the posterior aspect of the leg, between the lateral head and medial head of the gastrocnemius muscle, 2 B-cun distal to the popliteal crease. Note: 2 B-cun distal to BL40, on the line connecting BL40 with BL57.","קפל בית הברך הוא מוצא המדידה: BL 55 נמצאת 2 B-cun מתחתיו בין שני ראשי שריר התאומים. BL 56 נמצאת 5 B-cun מתחת לקפל. שתי הרשומות משתמשות באותו קצה מדידה.","The popliteal crease starts both measures. BL 55 is 2 B-cun below it between the gastrocnemius heads; BL 56 is 5 B-cun below. Their distances share the same starting reference.","BL 56","","supplied dataset","","","ממתין לסקירה מקצועית","","",""
"BL 56","127","legBack","500","595","On the posterior aspect of the leg, between the two muscle bellies of the gastrocne- mius muscle, 5 B-cun distal to the popliteal crease. Note: Midway between BL55 and BL57.","שתיהן בחלק האחורי של השוק. BL 56 קשורה למרווח בין שני חלקי שריר התאומים; BL 57 לשקע שמתחת למפגש חלקי השריר. היחס לשריר מוסיף מידע מעבר לגובה בלבד.","Both lie on the posterior lower leg. BL 56 uses the interval between the two gastrocnemius bellies; BL 57 the depression below its converging portions. Muscle relationship adds to height alone.","BL 57","","supplied dataset","","","ממתין לסקירה מקצועית","","",""
"BL 57","128","legBack","500","685","On the posterior aspect of the leg, at the connecting point of the calcaneal tendon with the two muscle bellies of the gastrocnemius muscle. Note: With the leg stretched (plantar flexion) or the heel up, BL57 is located at the sharp angled depression inferior to the muscle belly of the gastrocnemius muscle. the two heads of the gastrocnemius muscle are separated to make a lambda shape (Λ).","שתיהן בחלק האחורי של השוק. BL 56 קשורה למרווח בין שני חלקי שריר התאומים; BL 57 לשקע שמתחת למפגש חלקי השריר. היחס לשריר מוסיף מידע מעבר לגובה בלבד.","Both lie on the posterior lower leg. BL 56 uses the interval between the two gastrocnemius bellies; BL 57 the depression below its converging portions. Muscle relationship adds to height alone.","BL 56","","supplied dataset","","","ממתין לסקירה מקצועית","","",""
"BL 58","128","legBack","610","711","On the posterolateral aspect of the leg, between the inferior border of the lateral head of the gastrocnemius muscle and the calcaneal tendon, at the same level as 7 B-cun proximal to BL60. Note: BL58 is located 1 B-cun lateral and distal to BL57, proximal to BL60.","התיאור משלב גובה ביחס ל־BL 60 עם מיקום בין הראש הצדדי של שריר התאומים לגיד אכילס. המספר 7 B-cun לבדו אינו מתאר את הצד ואת היחס לשריר.","The description combines a level relative to BL 60 with the interval between the lateral gastrocnemius head and the calcaneal tendon. The 7 B-cun measure alone does not specify those relationships.","BL 57","","supplied dataset","","","ממתין לסקירה מקצועית","","",""
"BL 59","129","legBack","610","819","On the posterolateral aspect of the leg, between the fibula and the calcaneal tendon, at the same level as 3 B-cun proximal to BL60.","BL 60 היא עוגן הגובה: BL 59 נמצאת 3 B-cun פרוקסימלית לה, בין השוקית לגיד אכילס. זהו האזור האחורי־חיצוני של השוק, ולא חזית עצם השוקה.","BL 59 is 3 B-cun proximal to BL 60, between the fibula and Achilles tendon. The description concerns the posterolateral leg rather than the front of the tibia.","BL 60","","supplied dataset","","","ממתין לסקירה מקצועית","","",""
"BL 60","129","footLateral","240","440","On the posterolateral aspect of the ankle, in the depression between the prominence of the lateral malleolus and the calcaneal tendon.","שתיהן מתוארות בין פטישון לגיד אכילס. BL 60 בצד החיצוני של הקרסול, ו־KI 3 בצדו הפנימי. מעבר בין מבטי כף הרגל חיוני להשוואה הזאת.","Both lie between a malleolus and the Achilles tendon. BL 60 is lateral and KI 3 medial. Switch foot views to understand this comparison.","KI 3","","supplied dataset","","","ממתין לסקירה מקצועית","","",""
"BL 61","130","footLateral","235","660","On the lateral aspect of the foot, distal to BL60, lateral to the calcaneus, at the border between the red and white flesh.","העוגן הגרמי הוא עצם העקב בצד החיצוני של כף הרגל. גבול שינוי גוון העור המוזכר במקור הוא ציון דרך נפרד מגבול העצם.","The bony reference is the lateral calcaneus. The skin-colour boundary in the source is a separate surface landmark, not the edge of the bone.","BL 62","","supplied dataset","","","ממתין לסקירה מקצועית","","",""
"BL 62","130","footLateral","315","525","On the lateral aspect of the foot, directly inferior to the prominence of the lateral malleolus, in the depression between the inferior border of the lateral malleolus and the calcaneus. Note: BL62 is located in the depression distal to the inferior border of the lateral malleolus. the corresponding medial acupuncture point to BL 62 is KI6.","BL 62 מתוארת מתחת לפטישון החיצוני, בין גבולו התחתון לעצם העקב. KI 6 היא ההשוואה שמתחת לפטישון הפנימי. לפני השוואת הסימונים מחליפים בין הצד החיצוני לפנימי של הקרסול.","BL 62 is below the lateral malleolus, between its inferior border and calcaneus. KI 6 is the medial-malleolar comparison. Establish lateral versus medial ankle before comparing the markers.","KI 6","","supplied dataset","","","ממתין לסקירה מקצועית","","",""
"BL 63","131","footLateral","455","615","On the dorsum of the foot, distal to the anterior border of the lateral malleolus, posterior to the tuberosity of the fifth metatarsal bone, in the depression inferior to the cuboid bone.","BL 63 מתוארת מתחת לעצם הקובייה ומאחורי גבשושית המסרק החמישי. BL 64 נמצאת דיסטלית לגבשושית. הגבשושית מפרידה בין שני התיאורים לאורך הצד החיצוני של כף הרגל.","BL 63 lies inferior to the cuboid and posterior to the fifth-metatarsal tuberosity. BL 64 is distal to the tuberosity. That prominence separates the descriptions along the lateral foot.","BL 64","","supplied dataset","הסימון הוזז מתחת לעצם הקובייה, אחורית לבסיס המסרק החמישי.","","ממתין לסקירה מקצועית","","",""
"BL 64","131","footLateral","575","660","On the lateral aspect of the foot, distal to the tuberosity of the fifth metatarsal bone, at the border between the red and white flesh. Note: The tuberosity of the fifth metatarsal bone is located approximately midway be- tween the heel and the fifth metatarsophalangeal joint.","BL 64 משתמשת בגבשושית שבבסיס המסרק החמישי, ו־BL 65 באזור שלפני המפרק עם הזרת. הבסיס קרוב לקרסול; ראש המסרק והמפרק קרובים לאצבע.","BL 64 uses the fifth-metatarsal-base tuberosity, while BL 65 concerns the region proximal to the little-toe joint. Base is ankle-facing; head and metatarsophalangeal joint are toe-facing.","BL 65","","supplied dataset","הסימון הופרד מבסיס המסרק החמישי לכיוון דיסטלי.","","ממתין לסקירה מקצועית","","",""
"BL 65","132","footLateral","710","695","On the lateral aspect of the foot, in the depression proximal to the fifth metatarsophalangeal joint, at the border between the red and white flesh.","BL 65 פרוקסימלית למפרק המסרק־גליל החמישי ו־BL 66 דיסטלית לו. זהו אותו עיקרון של הבחנה משני עברי מפרק, כאן בצד החיצוני של כף הרגל.","BL 65 is proximal and BL 66 distal to the fifth metatarsophalangeal joint. The comparison spans a joint on the lateral foot.","BL 66","","supplied dataset","","","ממתין לסקירה מקצועית","","",""
"BL 66","132","footLateral","790","650","On the little toe, in the depression distal and lateral to the fifth metatarsophalangeal joint, at the border between the red and white flesh.","BL 65 פרוקסימלית למפרק המסרק־גליל החמישי ו־BL 66 דיסטלית לו. זהו אותו עיקרון של הבחנה משני עברי מפרק, כאן בצד החיצוני של כף הרגל.","BL 65 is proximal and BL 66 distal to the fifth metatarsophalangeal joint. The comparison spans a joint on the lateral foot.","BL 65","","supplied dataset","","","ממתין לסקירה מקצועית","","",""
"BL 67","133","footTop","737","332","On the little toe, lateral to the distal pha- lanx, 0.1 f-cun proximal to the lateral corner of the toenail; at the intersection of the vertical line of the lateral side of the nail and the horizontal line of the base of the toenail.","BL 67 קשורה לפינה החיצונית של ציפורן הזרת בכף הרגל, עם היסט פרוקסימלי של 0.1 F-cun. GB 44 קשורה לאצבע הרביעית. זיהוי האצבע קודם לזיהוי הפינה.","BL 67 uses the lateral little-toenail corner with a 0.1 F-cun proximal offset. GB 44 uses the fourth toe. Identify the digit before selecting the nail corner.","GB 44","","supplied dataset","","","ממתין לסקירה מקצועית","","",""
"KI 1","136","footSole","500","400","On the sole of the foot, in the deepest depression of the sole when the toes are flexed. Note: When the toes are flexed, KI1 is located approximately in the depression at the junction of the anterior one third and the posterior two thirds of the line connecting the heel with the web margin between the bases of the second and third toes.","KI 1 שייכת לסוליה, בשקע המודגש בכיפוף האצבעות; LR 3 בגב כף הרגל. חלוקת הקו בין העקב לבסיסי האצבעות היא עזר ייחוס, ואינה סיבה להעביר את הסימון לצד הגבי.","KI 1 is plantar, in the depression emphasized by toe flexion; LR 3 is dorsal. The heel-to-toe-base line is a reference and does not transfer the point to the foot’s dorsum.","LR 3","","supplied dataset","","","ממתין לסקירה מקצועית","","",""
"KI 2","136","footMedial","475","625","On the medial aspect of the foot, inferior to the tuberosity of the navicular bone, at the border between the red and white flesh.","התיאור מציב את הנקודה מתחת לגבשושית עצם הסירה. SP 5 משתמשת באזור קדמי ותחתון לפטישון הפנימי; אין להחליף בין שני ציוני הדרך הגרמיים.","The location is inferior to the navicular tuberosity. SP 5 uses a depression anterior and inferior to the medial malleolus; the bony references differ.","SP 5","","supplied dataset","","","ממתין לסקירה מקצועית","","",""
"KI 3","137","footMedial","245","445","On the posteromedial aspect of the ankle, in the depression between the prominence of the medial malleolus and the calcaneal tendon.","KI 3 משתמשת במרווח שמאחורי הפטישון הפנימי, לכיוון גיד אכילס. KI 6 מתוארת מתחת לפטישון. מאחור ומתחת הם שני יחסים שונים לאותו ציון דרך.","KI 3 uses the space behind the medial malleolus toward the Achilles tendon. KI 6 is below the malleolus. Posterior and inferior describe different relationships.","KI 6","","supplied dataset","","","ממתין לסקירה מקצועית","","",""
"KI 4","137","footMedial","235","525","On the medial aspect of the foot, posteroinferior to the medial malleolus, superior to the calcaneus, in the depression anterior to the medial attachment of the calcaneal tendon.","KI 4 נמצאת מאחור ומתחת לפטישון הפנימי, מעל עצם העקב ולפני אזור האחז של גיד אכילס. KI 3 משתמשת במרווח בגובה הפטישון. יחסי הגובה והאחז מבדילים בין השתיים.","KI 4 is posteroinferior to the medial malleolus, above calcaneus and anterior to the Achilles attachment region. KI 3 uses the interval at malleolar level. Level and attachment relationships distinguish them.","KI 3","","supplied dataset","","","ממתין לסקירה מקצועית","","",""
"KI 5","138","footMedial","245","570","On the medial aspect of the foot, 1 B-cun inferior to KI3, in the depression anterior to the calcaneal tuberosity.","KI 5 מתוארת 1 B-cun מתחת ל־KI 3, לפני גבשושית העקב. KI 6 מתוארת מתחת לפטישון הפנימי. המילה ״מתחת״ מתייחסת בכל כרטיס לעוגן אחר.","KI 5 is 1 B-cun below KI 3, anterior to the calcaneal tuberosity. KI 6 is below the medial malleolus. “Below” starts from a different reference in each record.","KI 6","","supplied dataset","","","ממתין לסקירה מקצועית","","",""
"KI 6","138","footMedial","320","525","On the medial aspect of the foot, 1 B-cun inferior to the prominence of the medial malleolus, in the depression inferior to the medial malleolus. Note: The corresponding lateral point to KI6 is BL62.","KI 3 משתמשת במרווח שמאחורי הפטישון הפנימי, לכיוון גיד אכילס. KI 6 מתוארת מתחת לפטישון. מאחור ומתחת הם שני יחסים שונים לאותו ציון דרך.","KI 3 uses the space behind the medial malleolus toward the Achilles tendon. KI 6 is below the malleolus. Posterior and inferior describe different relationships.","KI 3","","supplied dataset","","","ממתין לסקירה מקצועית","","",""
"KI 7","139","legMedial","440","838","On the posteromedial aspect of the leg, anterior to the calcaneal tendon, 2 B-cun superior to the prominence of the medial malleolus. Note: At the same level and posterior to KI8.","שתיהן 2 B-cun מעל הפטישון הפנימי. KI 7 סמוכה לגיד אכילס, ו־KI 8 קדמית יותר וביחס לשוקה. גובה משותף אינו מספיק כדי להבחין ביניהן.","Both are 2 B-cun above the medial malleolus. KI 7 is near the Achilles tendon; KI 8 is more anterior in relation to the tibia. Shared height is insufficient.","KI 8","","supplied dataset","","","ממתין לסקירה מקצועית","","",""
"KI 8","139","legMedial","510","838","On the medial aspect of the leg, in the depression posterior to the medial border of the tibial bone, 2 B-cun superior to the prominence of the medial malleolus. Note: 0.5 B-cun anterior to KI7.","שתיהן 2 B-cun מעל הפטישון הפנימי. KI 7 סמוכה לגיד אכילס, ו־KI 8 קדמית יותר וביחס לשוקה. גובה משותף אינו מספיק כדי להבחין ביניהן.","Both are 2 B-cun above the medial malleolus. KI 7 is near the Achilles tendon; KI 8 is more anterior in relation to the tibia. Shared height is insufficient.","KI 7","","supplied dataset","","","ממתין לסקירה מקצועית","","",""
"KI 9","140","legMedial","425","744","On the posteromedial aspect of the leg, between the soleus muscle and the calcaneal tendon, 5 B-cun superior to the prominence of the medial malleolus. Note 1: With the knee flexed and the leg stretched (plantar flexion) against resistance, the soleus muscle can be seen more clearly along the medial border of the tibia bone. Note 2: At the same level as LR5, on the line connecting KI3 with KI10.","KI 9 ו־LR 5 נמצאות 5 B-cun מעל הפטישון הפנימי. KI 9 קשורה למרווח בין הסוליה לגיד אכילס מאחור, ו־LR 5 לגבול הפנימי של השוקה. אותו גובה אינו אותו מרווח.","KI 9 and LR 5 are 5 B-cun above the medial malleolus. KI 9 uses the soleus–Achilles interval posteriorly; LR 5 uses the medial tibial border. Shared height does not mean shared interval.","LR 5","","supplied dataset","","","ממתין לסקירה מקצועית","","",""
"KI 10","140","legMedial","440","450","On the posteromedial aspect of the knee, just lateral to the semitendinosus tendon, in the popliteal crease.","קפל בית הברך וגיד השריר החצי־גידי מופיעים יחד. כאן היחס לגיד הוא צדדי, ולא פנימי; יש לקרוא את כיוון היחס לצד שם הגיד.","The popliteal crease and semitendinosus tendon are both references. The stated relationship is lateral to the tendon; read direction along with the tendon name.","LR 8","","supplied dataset","","","ממתין לסקירה מקצועית","","",""
"KI 11","141","torsoFront","484","895","On the lower abdomen, 5 B-cun inferior to the centre of the umbilicus, 0.5 B-cun lateral to the anterior median line.","KI 11 נמצאת 5 B-cun מתחת לטבור וחצי B-cun לצד קו האמצע. ST 30 נמצאת באותו גובה ייחוס אך בהיסט 2 B-cun. ב־KI המרחק הצדדי קטן ונשאר נפרד ממידת הגובה.","KI 11 is 5 B-cun below the umbilicus and half a B-cun lateral. ST 30 shares that reference level at a 2 B-cun offset. Keep KI’s smaller lateral distance separate from its vertical measure.","ST 30","","supplied dataset","","","ממתין לסקירה מקצועית","","",""
"KI 12","141","torsoFront","484","860","On the lower abdomen, 4 B-cun inferior to the centre of the umbilicus, 0.5 B-cun lateral to the anterior median line.","גובה KI 12 הוא 4 B-cun מתחת לטבור, כמו CV 3. KI 12 נמצאת חצי B-cun לצד קו האמצע. אין לפרש את חצי היחידה כתוספת לגובה שמתחת לטבור.","KI 12 shares CV 3’s level, 4 B-cun below the umbilicus, but lies half a B-cun lateral. The half-unit is not added to the inferior umbilical distance.","CV 3","","supplied dataset","","","ממתין לסקירה מקצועית","","",""
"KI 13","142","torsoFront","484","825","On the lower abdomen, 3 B-cun inferior to the centre of the umbilicus, 0.5 B-cun lateral to the anterior median line.","KI 13 ו־CV 4 נמצאות 3 B-cun מתחת לטבור. KI 13 חצי B-cun הצדה, ו־CV 4 בקו האמצע. זיהוי קו האמצע מאפשר להבחין בין הסימונים הקרובים בסכמה.","KI 13 and CV 4 are 3 B-cun below the umbilicus. KI 13 is half a B-cun lateral; CV 4 is midline. Establish the midline to distinguish the nearby schematic markers.","CV 4","","supplied dataset","","","ממתין לסקירה מקצועית","","",""
"KI 14","142","torsoFront","484","790","On the lower abdomen, 2 B-cun inferior to the centre of the umbilicus, 0.5 B-cun lateral to the anterior median line.","KI 14 ו־ST 27 משתמשות בגובה 2 B-cun מתחת לטבור. המרחק מקו האמצע הוא חצי B-cun ב־KI 14 ו־2 B-cun ב־ST 27. כאן ההבדל הוא בעמודה הצדדית בלבד.","KI 14 and ST 27 share a level 2 B-cun below the umbilicus. Their offsets are 0.5 and 2 B-cun. Only the lateral column differs in this comparison.","ST 27","","supplied dataset","","","ממתין לסקירה מקצועית","","",""
"KI 15","143","torsoFront","484","755","On the lower abdomen, 1 B-cun inferior to umbilicus, 0.5 B-cun lateral to the anterior median line.","KI 15 נמצאת 1 B-cun מתחת לטבור וחצי B-cun לצד קו האמצע. CV 7 נמצאת בקו האמצע באותה שורה. לפני פירוש הסכמה מבדילים בין מתחת לטבור לבין לצד קו האמצע.","KI 15 is 1 B-cun below the umbilicus and half a B-cun lateral. CV 7 is midline in the same row. Distinguish the inferior umbilical distance from the lateral midline distance.","CV 7","","supplied dataset","","","ממתין לסקירה מקצועית","","",""
"KI 16","143","torsoFront","484","720","On the upper abdomen, 0.5 B-cun lateral to the centre of the umbilicus.","הטבור עצמו מגדיר את גובה KI 16. ההיסט היחיד בתיאור הוא חצי B-cun הצדה, בעוד CV 8 במרכז הטבור. אין כאן מידה נוספת מעליו או מתחתיו.","The umbilicus sets KI 16’s level. The only stated offset is half a B-cun laterally; CV 8 is at the umbilical centre. No additional superior or inferior measure is specified.","CV 8","","supplied dataset","","","ממתין לסקירה מקצועית","","",""
"KI 17","144","torsoFront","484","650","On the upper abdomen, 2 B-cun superior to the centre of the umbilicus, 0.5 B-cun lateral to the anterior median line.","KI 17 נמצאת 2 B-cun מעל הטבור, וחצי B-cun מקו האמצע. KI 16 נמצאת בגובה הטבור. במספור הזה המעבר הוא של שתי יחידות גובה, ולא יחידה אחת.","KI 17 is 2 B-cun above the umbilicus and half a B-cun lateral. KI 16 is at umbilical level. This consecutive numbering step spans two vertical units rather than one.","KI 16","","supplied dataset","","","ממתין לסקירה מקצועית","","",""
"KI 18","144","torsoFront","484","615","On the upper abdomen, 3 B-cun superior to the centre of the umbilicus, 0.5 B-cun lateral to the anterior median line.","הגובה של KI 18 הוא 3 B-cun מעל הטבור, כמו CV 11. ההיסט הוא חצי B-cun לצד קו האמצע. CV 11 עוזרת לקרוא את השורה מבלי להחליף את העמודה של KI.","KI 18 shares CV 11’s level, 3 B-cun above the umbilicus, with a half-B-cun lateral offset. CV 11 identifies the row without replacing the KI column.","CV 11","","supplied dataset","","","ממתין לסקירה מקצועית","","",""
"KI 19","145","torsoFront","484","580","On the upper abdomen, 4 B-cun superior to the centre of the umbilicus, 0.5 B-cun lateral to the anterior median line.","KI 19 ו־ST 21 נמצאות 4 B-cun מעל הטבור. KI 19 בהיסט חצי B-cun ו־ST 21 בהיסט 2 B-cun. מתאימים את הגובה תחילה, ורק אז משווים את המרחק מן האמצע.","KI 19 and ST 21 are 4 B-cun above the umbilicus. KI 19 uses a 0.5 B-cun offset and ST 21 uses 2. Match the level before comparing the distance from the midline.","ST 21","","supplied dataset","","","ממתין לסקירה מקצועית","","",""
"KI 20","145","torsoFront","484","545","On the upper abdomen, 5 B-cun superior to the centre of the umbilicus, 0.5 B-cun lateral to the anterior median line.","KI 20 נמצאת 5 B-cun מעל הטבור, חצי B-cun לצד קו האמצע. CV 13 מספקת השוואה באמצע באותו גובה. שם האיבר במרידיאן אינו משנה את העוגן האנטומי של התיאור.","KI 20 lies 5 B-cun above the umbilicus and half a B-cun lateral. CV 13 is its midline comparison. The channel’s organ name does not change the anatomical locating reference.","CV 13","","supplied dataset","","","ממתין לסקירה מקצועית","","",""
"KI 21","146","torsoFront","484","510","On the upper abdomen, 6 B-cun superior to the centre of the umbilicus, 0.5 B-cun lateral to the anterior median line.","KI 21 משתמשת במדידה מן הטבור: 6 B-cun מעליו וחצי B-cun הצדה. KI 22 עוברת למרווח בין־צלעי ולהיסט 2 B-cun. המעבר בין הבטן לחזה משנה גם את העוגן וגם את הרוחב.","KI 21 uses umbilical measurement, 6 B-cun above and half a B-cun lateral. KI 22 changes to an intercostal space and a 2 B-cun offset. Both reference type and width change.","KI 22","","supplied dataset","","","ממתין לסקירה מקצועית","","",""
"KI 22","146","torsoFront","436","380","In the anterior thoracic region, in the fifth intercostal space, 2 B-cun lateral to the anterior median line.","המרווח הבין־צלעי החמישי משותף לשתיהן. KI 22 בהיסט 2 B-cun ו־ST 18 בהיסט 4 B-cun. בעמודת החזה של KI משתמשים ב־2 B-cun, ולא בחצי היחידה של הבטן.","Both use the fifth intercostal space. KI 22 is 2 B-cun lateral and ST 18 is 4. The thoracic KI column uses 2 B-cun, not the abdominal half-unit offset.","ST 18","","supplied dataset","","","ממתין לסקירה מקצועית","","",""
"KI 23","147","torsoFront","436","330","In the anterior thoracic region, in the fourth intercostal space, 2 B-cun lateral to the anterior median line.","KI 23 ו־PC 1 נמצאות במרווח הבין־צלעי הרביעי. ההיסטים הם 2 ו־5 B-cun בהתאמה. זו השוואה של שני מסלולים באותו מרווח, עם מיקום צדדי שונה.","KI 23 and PC 1 use the fourth intercostal space at offsets of 2 and 5 B-cun respectively. The comparison crosses channels while holding the intercostal space constant.","PC 1","","supplied dataset","","","ממתין לסקירה מקצועית","","",""
"KI 24","147","torsoFront","436","280","In the anterior thoracic region, in the third intercostal space, 2 B-cun lateral to the anterior median line.","KI 24 נמצאת במרווח הבין־צלעי השלישי, 2 B-cun מקו האמצע; ST 16 במרחק 4 B-cun באותו מרווח. מזהים את הרווח בין הצלעות ולא את פני הצלע עצמה.","KI 24 lies in the third intercostal space at 2 B-cun from the midline; ST 16 uses 4 B-cun there. Identify the space between ribs rather than the surface of a rib.","ST 16","","supplied dataset","","","ממתין לסקירה מקצועית","","",""
"KI 25","148","torsoFront","436","230","In the anterior thoracic region, in the second intercostal space, 2 B-cun lateral to the anterior median line.","המרווח הבין־צלעי השני מגדיר את שורת KI 25. ההיסט שלה הוא 2 B-cun, לעומת 6 B-cun ב־SP 20. הטווח הצדדי גדול אף שמספר המרווח נשאר זהה.","The second intercostal space defines KI 25’s row. Its offset is 2 B-cun versus SP 20’s 6. The lateral separation changes considerably while the space number stays the same.","SP 20","","supplied dataset","","","ממתין לסקירה מקצועית","","",""
"KI 26","148","torsoFront","436","180","In the anterior thoracic region, in the first intercostal space, 2 B-cun lateral to the anterior median line.","KI 26 במרווח הבין־צלעי הראשון, 2 B-cun מקו האמצע. KI 27 מתוארת מתחת לעצם הבריח באותה עמודה. יש להבחין בין המרווח הבין־צלעי לבין האזור התת־בריחי.","KI 26 uses the first intercostal space at a 2 B-cun offset. KI 27 is below the clavicle in the same column. Distinguish an intercostal space from the infraclavicular region.","KI 27","","supplied dataset","","","ממתין לסקירה מקצועית","","",""
"KI 27","149","torsoFront","436","130","In the anterior thoracic region, just inferior to the clavicle, 2 B-cun lateral to the anterior median line.","שתיהן מתוארות מתחת לעצם הבריח. KI 27 במרחק 2 B-cun מקו האמצע ו־ST 13 במרחק 4 B-cun. כאן עצם הבריח מגדירה את הקשר הגובה, והמידה מגדירה את הצד.","Both are described below the clavicle. KI 27 is 2 B-cun from the midline and ST 13 is 4. The clavicle supplies vertical context while the measurement defines lateral position.","ST 13","","supplied dataset","","","ממתין לסקירה מקצועית","","",""
"PC 1","152","torsoFront","340","330","In the anterior thoracic region, in the fourth intercostal space, 5 B-cun lateral to the anterior median line.","PC 1 מתוארת במרווח הבין־צלעי הרביעי, 5 B-cun מקו האמצע. SP 18 באותו מרווח בהיסט 6 B-cun. אין להחליף את ה־5 במידת 4 או 6 הנהוגה במסלולים סמוכים.","PC 1 uses the fourth intercostal space at 5 B-cun from the midline; SP 18 uses 6 there. Preserve the five-unit offset rather than substituting a neighbouring channel’s four or six.","SP 18","","supplied dataset","","","ממתין לסקירה מקצועית","","",""
"PC 2","152","armFront","500","228","On the anterior aspect of the arm, between the long head and short head of the biceps brachii muscle, 2 B-cun distal to the anterior axillary fold.","PC 2 נמצאת בין שני ראשי השריר הדו־ראשי, 2 B-cun מתחת לקפל בית השחי הקדמי. LU 3 משתמשת בגבול השריר ובמרחק 3 B-cun. גם היחס לשריר וגם המרחק משתנים.","PC 2 lies between the two biceps heads, 2 B-cun below the anterior axillary fold. LU 3 uses the muscle’s border at 3 B-cun. Both muscle relationship and distance differ.","LU 3","","supplied dataset","","","ממתין לסקירה מקצועית","","",""
"PC 3","153","armFront","530","450","On the anterior aspect of the elbow, at the cubital crease, in the depression medial to the biceps brachii tendon. Note: When the elbow is flexed at 45 degrees, PC3 is located medial to the biceps brachii tendon.","קפל המרפק הוא ציון דרך משותף. LU 5 מתוארת בצד הרדיאלי של גיד הדו־ראשי, ו־PC 3 בצדו האולנרי. הגיד עוזר להבין את ההבדל בין צדי הקפל.","Both use the elbow crease. LU 5 is described on the radial side of the biceps tendon and PC 3 on its ulnar side; the tendon distinguishes the sides.","LU 5","","supplied dataset","","","ממתין לסקירה מקצועית","","",""
"PC 4","153","armFront","497","701","On the anterior aspect of the forearm, between the tendons of the palmaris longus and the flexor carpi radialis, 5 B-cun proximal to the palmar wrist crease. Note 1: With the fist clenched, the wrist supinated, and the elbow slightly flexed, the two tendons become more prominent. PC4 is located 1 B-cun distal to the midpoint of the line connecting PC3 with PC7. Note 2: If the palmaris longus tendon is not present, PC4 is medial to the flexor carpi radialis tendon.","שתי הנקודות משתמשות במרווח שבין גידי הכפי הארוך והכופף הרדיאלי. PC 4 נמצאת 5 B-cun מעל הקפל הכפי, ו־PC 5 נמצאת 3. המקור מציין שגיד הכפי הארוך עשוי להיות חסר.","Both use the palmaris-longus–flexor-carpi-radialis interval. PC 4 lies 5 B-cun above the palmar crease; PC 5 lies 3. The source notes that palmaris longus may be absent.","PC 5","","supplied dataset","","","ממתין לסקירה מקצועית","","",""
"PC 5","154","armFront","497","772","On the anterior aspect of the forearm, between the tendons of the palmaris longus and the flexor carpi radialis, 3 B-cun proximal to the palmar wrist crease. Note 1: With the fist clenched, the wrist supinated and the elbow slightly flexed, the two tendons become more prominent. PC5 is located 3 B-cun proximal to PC7. Note 2: If the palmaris longus tendon is not present, PC5 is medial to the flexor carpi radialis tendon.","המרווח בין גיד הכפי הארוך לגיד הכופף הרדיאלי משותף לשתיהן. PC 5 נמצאת 3 B-cun מעל קפל שורש כף היד ו־PC 6 נמצאת 2 B-cun מעליו.","Both use the palmaris-longus–flexor-carpi-radialis tendon interval. PC 5 is 3 B-cun above the wrist crease; PC 6 is 2 B-cun above it.","PC 6","","supplied dataset","","","ממתין לסקירה מקצועית","","",""
"PC 6","154","armFront","497","808","On the anterior aspect of the forearm, between the tendons of the palmaris longus and the flexor carpi radialis, 2 B-cun proximal to the palmar wrist crease. Note 1: With the fist clenched, the wrist supinated and the elbow slightly flexed, the two tendons become more prominent. PC6 is located 2 B-cun proximal to PC7. the posterial point corresponding to PC6 is TE5. Note 2: If the palmaris longus tendon is not present, PC6 is medial to the flexor carpi radialis tendon.","המרווח בין גיד הכפי הארוך לגיד הכופף הרדיאלי משותף לשתיהן. PC 5 נמצאת 3 B-cun מעל קפל שורש כף היד ו־PC 6 נמצאת 2 B-cun מעליו.","Both use the palmaris-longus–flexor-carpi-radialis tendon interval. PC 5 is 3 B-cun above the wrist crease; PC 6 is 2 B-cun above it.","PC 5","","MSK patient education comparison","","","ממתין לסקירה מקצועית","","",""
"PC 7","155","armFront","497","880","On the anterior aspect of the wrist, between the tendons of palmaris longus and the flexor carpi radialis, on the palmar wrist crease. Note: With the fist clenched, the wrist slightly flexed, the two tendons become more prominent. PC7 is located at the midpoint of the palmar wrist crease, between the tendons of palmaris longus and the flexor carpi radialis, at the same level as Ht7, at the proximal extremity of the pisiform bone.","שתיהן באזור שורש כף היד, אך PC 7 מתוארת בצד הכפי ו־TE 4 בצד הגבי. יש להפוך את המבט ולא להעתיק את הסימון מצד אחד לצד השני.","Both concern the wrist, but PC 7 is palmar and TE 4 dorsal. Change the view rather than transferring a marker between surfaces.","TE 4","","supplied dataset","","","ממתין לסקירה מקצועית","","",""
"PC 8","155","handPalm","455","488","On the palm of the hand, in the depression between the second and third metacarpal bones, proximal to the metacarpophalangeal joints. Remarks: Alternative location for PC8 - On the palm of the hand, in the depression, between the third and fourth metacarpal bones, proximal to the metacarpophalangeal joints.","HT 8 משתמשת במרווח שבין עצמות המסרק הרביעית והחמישית. המיקום הראשי של PC 8 הוא בין השנייה לשלישית; החלופה שלו בין השלישית לרביעית.","HT 8 uses the fourth–fifth metacarpal interval. Primary PC 8 uses the second–third interval; its alternative uses the third–fourth interval.","HT 8","חלופה: בין עצמות המסרק השלישית והרביעית, פרוקסימלית למפרקי המסרק־גליל.","focused WHO excerpt check (3.2)","","","ממתין לסקירה מקצועית","","",""
"PC 9","156","handPalm","470","112","On the middle finger, at the centre of the tip of the middle finger. Remarks: Alternative location for PC9 - On the middle finger, 0.1 F-cun proximal to the radial corner of the middle fingernail, at the intersection of the vertical line of the radial side of the nail and the horizontal line of the base of the fingernail.","PC 9 הראשית נמצאת במרכז קצה האצבע האמצעית. TE 1 סמוכה לפינת הציפורן באצבע הקמיצה. גם האצבע וגם סוג ציון הדרך משתנים.","Primary PC 9 is at the middle fingertip centre. TE 1 is near a nail corner of the ring finger. Both the digit and the reference type change.","TE 1","חלופה: סמוך לפינה הרדיאלית של ציפורן האצבע האמצעית, 0.1 F-cun ממנה לכיוון שורש האצבע. המבט מתחלף לגב כף היד כדי להציג את הציפורן.","focused WHO excerpt check (3.2)","","","ממתין לסקירה מקצועית","","",""
"TE 1","158","handBack","608","245","On the ring finger, ulnar to the distal phalanx, 0.1 f-cun proximal to the ulnar corner of the fingernail, at the intersection of the vertical line of the ulnar side of the nail and the horizontal line of the base of the fingernail.","PC 9 הראשית נמצאת במרכז קצה האצבע האמצעית. TE 1 סמוכה לפינת הציפורן באצבע הקמיצה. גם האצבע וגם סוג ציון הדרך משתנים.","Primary PC 9 is at the middle fingertip centre. TE 1 is near a nail corner of the ring finger. Both the digit and the reference type change.","PC 9","","supplied dataset","הסימון הוזז אל אזור הפינה האולנרית של בסיס ציפורן הקמיצה.","","ממתין לסקירה מקצועית","","",""
"TE 2","158","handBack","645","435","On the dorsum of the hand, in the depression superior to the web margin between the ring and little fingers, at the border between the red and white flesh.","TE 2 מתייחסת לשקע שליד קרום החיבור בין הקמיצה לזרת. TE 3 נמצאת קרוב יותר לשורש כף היד, בין המסרקים הרביעי והחמישי. הקרום שבין האצבעות אינו המפרק שבבסיסן.","TE 2 uses the depression by the ring–little finger web margin. TE 3 is more proximal between the fourth and fifth metacarpals. The web margin is not the joint at the digit bases.","TE 3","","supplied dataset","","","ממתין לסקירה מקצועית","","",""
"TE 3","159","handBack","620","490","On the dorsum of the hand, between the fourth and fifth metacarpal bones, in the depression proximal to the fourth metacarpophalangeal joint.","העוגן של TE 3 הוא המפרק הרביעי שבין המסרק לגליל, והמיקום פרוקסימלי לו במרווח המסרקים. TE 2 משתמשת בשולי הקרום בין האצבעות. יש להתקדם מן האצבעות לכיוון כף היד.","TE 3 is proximal to the fourth metacarpophalangeal joint in the metacarpal interval. TE 2 uses the finger-web margin. Follow the anatomy from the digits toward the hand.","TE 2","","supplied dataset","","","ממתין לסקירה מקצועית","","",""
"TE 4","159","handBack","530","850","On the posterior aspect of the wrist, in the depression ulnar to the extensor digitorum tendon, on the dorsal wrist crease. Note 1: TE4 can be palpated when moving proximally along the gap between the fifth and fourth metacarpal bones, at the same level as LI5 and SI5. Note 2: When the wrist is extended against resistance, the extensor digitorum tendon can be palpated more easily.","שתיהן באזור שורש כף היד, אך PC 7 מתוארת בצד הכפי ו־TE 4 בצד הגבי. יש להפוך את המבט ולא להעתיק את הסימון מצד אחד לצד השני.","Both concern the wrist, but PC 7 is palmar and TE 4 dorsal. Change the view rather than transferring a marker between surfaces.","PC 7","","supplied dataset","","","ממתין לסקירה מקצועית","","",""
"TE 5","160","armBack","500","808","On the posterior aspect of the forearm, midpoint of the interosseous space between the radius and the ulna, 2 B-cun proximal to the dorsal wrist crease. Note: 2 B-cun proximal to TE4, in the depression between the radius and the ulna. The anterior point corresponding to TE5 is PC6.","שתיהן משתמשות במרווח שבין החישור לגומד, ולא בשריר בכף היד. המרחק מן הקפל הגבי שונה: 2 B-cun ב־TE 5 ו־3 B-cun ב־TE 6.","Both use the space between radius and ulna, not a muscle in the hand. Their distances from the dorsal wrist crease are 2 B-cun for TE 5 and 3 B-cun for TE 6.","TE 6","","focused WHO excerpt check (3.2)","","","ממתין לסקירה מקצועית","","",""
"TE 6","160","armBack","500","773","On the posterior aspect of the forearm, midpoint of the interosseous space between the radius and the ulna, 3 B-cun proximal to the dorsal wrist crease. Note: 1 B-cun proximal to TE5, between the radius and the ulna, at the same level as tE7.","שתיהן משתמשות במרווח שבין החישור לגומד, ולא בשריר בכף היד. המרחק מן הקפל הגבי שונה: 2 B-cun ב־TE 5 ו־3 B-cun ב־TE 6.","Both use the space between radius and ulna, not a muscle in the hand. Their distances from the dorsal wrist crease are 2 B-cun for TE 5 and 3 B-cun for TE 6.","TE 5","","focused WHO excerpt check (3.2)","","","ממתין לסקירה מקצועית","","",""
"TE 7","161","armBack","580","773","On the posterior aspect of the forearm, just radial to the ulna, 3 B-cun proximal to the dorsal wrist crease. Note: TE7 is ulnar to TE6.","TE 7 ו־TE 6 נמצאות בגובה 3 B-cun מעל קפל שורש כף היד הגבי. TE 7 קרובה יותר לגומד; אותו גובה אינו אומר אותו מיקום רוחבי.","TE 7 and TE 6 share the 3 B-cun level above the dorsal wrist crease. TE 7 is nearer the ulna; equal level does not mean equal transverse position.","TE 6","","supplied dataset","","","ממתין לסקירה מקצועית","","",""
"TE 8","161","armBack","500","737","On the posterior aspect of the forearm, midpoint of the interosseous space between the radius and the ulna, 4 B-cun proximal to the dorsal wrist crease. Note: At the junction of the upper two thirds and lower one third of the line connecting tE4 with the tip of the elbow.","TE 8 נמצאת באמצע המרווח בין החישור לגומד, 4 B-cun מעל הקפל הגבי; TE 6 בגובה 3 B-cun. ״אמצע״ מתייחס לרוחב המרווח בין העצמות, ולא לאמצע אורך האמה.","TE 8 is in the middle of the radius–ulna interval, 4 B-cun above the dorsal crease; TE 6 uses 3. “Middle” describes the interval’s width, not the midpoint of forearm length.","TE 6","","supplied dataset","","","ממתין לסקירה מקצועית","","",""
"TE 9","162","armBack","500","629","On the posterior aspect of the forearm, midpoint of the interosseous space between the radius and the ulna, 5 B-cun distal to the prominence of the olecranon.","TE 9 מתוארת 5 B-cun דיסטלית לזיז המרפק, באמה. TE 10 מתוארת 1 B-cun פרוקסימלית לזיז, באזור המרפק. כאן גם הכיוון מן הזיז משתנה.","TE 9 lies 5 B-cun distal to the olecranon on the forearm. TE 10 lies 1 B-cun proximal in the elbow region. The direction from the same landmark changes.","TE 10","","focused WHO excerpt check (3.2)","","","ממתין לסקירה מקצועית","","",""
"TE 10","162","armBack","500","414","On the posterior aspect of the elbow, in the depression 1 B-cun proximal to the prominence of the olecranon. Note: When the elbow is flexed, TE10 is located in the olecranon fossa.","TE 9 מתוארת 5 B-cun דיסטלית לזיז המרפק, באמה. TE 10 מתוארת 1 B-cun פרוקסימלית לזיז, באזור המרפק. כאן גם הכיוון מן הזיז משתנה.","TE 9 lies 5 B-cun distal to the olecranon on the forearm. TE 10 lies 1 B-cun proximal in the elbow region. The direction from the same landmark changes.","TE 9","","supplied dataset","","","ממתין לסקירה מקצועית","","",""
"TE 11","163","armBack","500","378","On the posterior aspect of the arm, on the line connecting the prominence of olecranon with the acromial angle, 2 B-cun proximal to the prominence of the olecranon. Note: With the elbow extended, 2 B-cun superior to the prominence of the olecranon.","הקו המחבר את זיז המרפק לזווית שיא הכתף משותף לשתיהן. TE 11 נמצאת 2 B-cun מעל זיז המרפק, ו־TE 12 נמצאת 5. שתי המידות מתחילות במרפק ופונות אל הכתף.","Both use the olecranon–acromial-angle line. TE 11 lies 2 B-cun proximal to the olecranon; TE 12 lies 5. Both measurements start at the elbow and run toward the shoulder.","TE 12","","supplied dataset","","","ממתין לסקירה מקצועית","","",""
"TE 12","163","armBack","500","270","On the posterior aspect of the arm, on the line connecting the prominence of the olecranon with the acromial angle, 5 B-cun proximal to the prominence of the olecranon.","TE 12 נמדדת מן המרפק: 5 B-cun לכיוון הכתף. TE 13 נמדדת מזווית שיא הכתף: 3 B-cun כלפי מטה. אין לחבר או לחסר את המספרים בלי להתחשב במוצא המדידה.","TE 12 is measured 5 B-cun from the olecranon toward the shoulder. TE 13 is measured 3 B-cun inferiorly from the acromial angle. Their starting references differ.","TE 13","","supplied dataset","","","ממתין לסקירה מקצועית","","",""
"TE 13","164","armBack","510","200","On the posterior aspect of the arm, posteroinferior to the border of the deltoid muscle, 3 B-cun inferior to the acromial angle.","TE 13 קשורה לאזור שמאחור ומתחת לגבול שריר הדלתא, 3 B-cun מתחת לזווית שיא הכתף. LI 14 משתמשת בגבול הקדמי של השריר. זיהוי הצד של הדלתא מבחין בין התיאורים.","TE 13 is posteroinferior to the deltoid border, 3 B-cun below the acromial angle. LI 14 uses the anterior deltoid border. Identify the muscle’s side before comparing positions.","LI 14","","supplied dataset","","","ממתין לסקירה מקצועית","","",""
"TE 14","164","armBack","500","105","On the shoulder girdle, in the depression between the acromial angle and the greater tubercle of the humerus. Note: When the elbow is flexed and the arm is abducted, two depressions appear respectively anterior and posterior to the acromion. LI15 is located in the anterior one, deeper than the posterior one, in which tE14 is located.","שתי הנקודות קשורות לכתף ולזיז שיא הכתף. LI 15 מתוארת בשקע הקדמי־תחתון ביחס אליו, ו־TE 14 בשקע האחורי־תחתון. מבט קדמי בלבד עלול להסתיר את ההבדל.","Both concern the shoulder and acromion. LI 15 uses the anteroinferior depression and TE 14 the posteroinferior depression. An anterior view alone obscures the distinction.","LI 15","","supplied dataset","","","ממתין לסקירה מקצועית","","",""
"TE 15","165","back","675","145","In the scapular region, in the depression superior to the superior angle of the scapula. Note: With the upper limb hanging by the side of trunk in a seated position, TE15 is located midway between gB21 and SI13.","העוגן הוא הזווית העליונה של השכמה והשקע שמעליה. אין לבלבל את הזווית העליונה עם קוץ השכמה או עם שיא הכתף.","Use the superior scapular angle and the depression above it. Distinguish that angle from the scapular spine and the acromion.","SI 12","","supplied dataset","","","ממתין לסקירה מקצועית","","",""
"TE 16","165","face","320","735","In the anterior region of the neck, at the same level as the angle of the mandible, in the depression posterior to the sternocleidomastoid muscle.","גובה זווית הלסת משותף להשוואה עם SI 17. TE 16 מתוארת בשקע שמאחורי שריר מפנה הראש; SI 17 לפני השריר.","The mandibular-angle level links the comparison with SI 17. TE 16 is posterior to sternocleidomastoid, whereas SI 17 is anterior.","SI 17","","supplied dataset","","","ממתין לסקירה מקצועית","","",""
"TE 17","166","headSide","416","580","In the anterior region of the neck, posterior to the ear lobe, in the depression anterior to the inferior end of the mastoid process.","TE 17 נמצאת מאחורי תנוך האוזן ולפני הקצה התחתון של הזיז הפטמתי. GB 12 מאחור ומתחת לזיז. התנוך והזיז הגרמי ממלאים תפקידים שונים בתיאור.","TE 17 is behind the earlobe and anterior to the mastoid’s inferior end. GB 12 is posteroinferior to the mastoid. The earlobe and bony process play different locating roles.","GB 12","","supplied dataset","","","ממתין לסקירה מקצועית","","",""
"TE 18","166","headSide","385","520","On the head, at the centre of the mastoid process, at the junction of the upper two thirds and lower one third of the curved line from tE17 to tE20.","TE 18 ו־TE 19 מחלקות את הקו הקמור בין TE 17 ל־TE 20. TE 18 נמצאת במפגש שני השלישים העליונים והשליש התחתון, ולכן אין לקרוא את השליש מהקצה הלא נכון.","TE 18 and TE 19 divide the TE 17–TE 20 curve. TE 18 is at the upper-two-thirds/lower-third junction; the starting end matters.","TE 17","","supplied dataset","","","ממתין לסקירה מקצועית","","",""
"TE 19","167","headSide","376","452","On the head, at the junction of the upper one third and lower two thirds of the curved line from tE17 to tE20.","הקו הקמור מחבר את TE 17 עם TE 20. כאן החלוקה היא שליש עליון ושני שלישים תחתונים — קרוב יותר לקצה העליון מאשר TE 18.","On the TE 17–TE 20 curve, this is the upper-third/lower-two-thirds junction, nearer the upper end than TE 18.","TE 18","","supplied dataset","","","ממתין לסקירה מקצועית","","",""
"TE 20","167","headSide","443","340","On the head, just superior to the auricular apex. Note: With the auricle folded forward and pressed against the head, the point is located where the auricular apex touches the head.","העוגן הוא קודקוד אפרכסת האוזן, והמיקום מתואר מיד מעליו. אין להחליף בין קודקוד האפרכסת, שורש האוזן ופתח תעלת האוזן.","The reference is the auricular apex, with the point immediately superior to it. Distinguish the apex, auricular root and ear-canal opening.","GB 7","","supplied dataset","","","ממתין לסקירה מקצועית","","",""
"TE 21","168","headSide","505","456","On the face, in the depression between the supratragic notch and the condylar process of the mandible. Note: When the mouth is slightly opened, tE21 is located in the depression anterior to the supratragic notch, directly superior to SI19.","TE 21 מתוארת בגובה החריץ שמעל הטרגוס, ו־SI 19 בגובה אמצע הטרגוס. שינוי הגובה לאורך אותה אוזן הוא מוקד ההשוואה.","TE 21 uses the supratragic notch level, while SI 19 uses the middle of the tragus. The differing level along the same ear is the focus.","SI 19","","supplied dataset","","","ממתין לסקירה מקצועית","","",""
"TE 22","168","headSide","528","360","On the head, posterior to the temple hairline, anterior to the auricular root, posterior to the superficial temporal artery.","TE 22 מתוארת לפני שורש האפרכסת ומאחורי קו השיער ברקה. TE 20 משתמשת בקודקוד האפרכסת. שורש האוזן וקודקודה אינם שתי דרכים לציין את אותו קו גובה.","TE 22 lies anterior to the auricular root and posterior to the temporal hairline. TE 20 uses the auricular apex. Root and apex are distinct ear references.","TE 20","","supplied dataset","","","ממתין לסקירה מקצועית","","",""
"TE 23","169","headSide","705","365","On the head, in the depression at the lateral end of the eyebrow. Note: TE23 is superior to GB1.","TE 23 משתמשת בשקע שבקצה החיצוני של הגבה; BL 2 בשקע שבקצה הפנימי. קודם מזהים את הצד הקרוב לאף ואת הצד הקרוב לרקה, ואז את שקע הגבה המתאים.","TE 23 uses the depression at the lateral eyebrow end; BL 2 uses the medial end. Establish nasal versus temporal direction before selecting the eyebrow depression.","BL 2","","supplied dataset","","","ממתין לסקירה מקצועית","","",""
"GB 1","172","headSide","705","400","On the head, in the depression, 0.5 B-cun lateral to the outer canthus of the eye.","ההבחנה היא זווית העין: BL 1 בזווית הפנימית, סמוך לאף; GB 1 בזווית החיצונית. פנימי וחיצוני מתייחסים לפנים של האדם, לא לצד המסך.","The distinction is the eye angle: BL 1 uses the inner, nasal angle; GB 1 the outer angle. These directions belong to the person, not to screen left and right.","BL 1","","supplied dataset","","","ממתין לסקירה מקצועית","","",""
"GB 2","172","headSide","505","516","On the face, in the depression between the intertragic notch and the condylar process of the mandible. Note: When the mouth is opened, GB2 is located in the depression anterior to the intertragic notch.","שתיהן סמוכות לאוזן, אך SI 19 מתייחסת לאמצע הטרגוס ו־GB 2 לחריץ שבין הטרגוס לאנטיטרגוס. קוד הנקודה אינו מחליף זיהוי של מבנה האוזן.","Both are near the ear: SI 19 uses the middle of the tragus, whereas GB 2 uses the intertragic notch. Identify the ear structure rather than relying on the code.","SI 19","","supplied dataset","","","ממתין לסקירה מקצועית","","",""
"GB 3","173","headSide","545","421","On the head, in the depression superior to the midpoint of the zygomatic arch Note: In the depression superior to the zygomatic arch, superior to St7.","קשת עצם הלחי מפרידה בין שני תיאורים: GB 3 מעל אמצע הקשת, ו־ST 7 מתחתיה. היחס מעל/מתחת חשוב יותר מקרבת הסימונים בתרשים.","The zygomatic arch separates the definitions: GB 3 is above its midpoint and ST 7 below it. Above versus below is more informative than schematic proximity.","ST 7","","supplied dataset","","","ממתין לסקירה מקצועית","","",""
"GB 4","173","headSide","635","220","On the head, at the junction of the upper one fourth and lower three fourths of the curved line from St8 to gB7.","GB 4, GB 5 ו־GB 6 מחלקות את הקו הקמור בין ST 8 ל־GB 7. GB 4 נמצאת ברבע העליון של הקו, סמוך יותר לקצה ST 8.","GB 4, GB 5 and GB 6 divide the ST 8–GB 7 curve. GB 4 is at its upper-quarter junction, nearer ST 8.","GB 5","","supplied dataset","","","ממתין לסקירה מקצועית","","",""
"GB 5","174","headSide","600","250","On the head, at the midpoint of the curved line from St8 to gB7.","GB 5 מתוארת באמצע הקו הקמור בין ST 8 ל־GB 7. זהו אמצע קו הייחוס המתואר, ולא בהכרח מרכז הרקה כולה.","GB 5 is the midpoint of the ST 8–GB 7 curve, not necessarily the centre of the entire temple region.","GB 4","","supplied dataset","","","ממתין לסקירה מקצועית","","",""
"GB 6","174","headSide","565","280","On the head, at the junction of the upper three fourths and lower one fourth of the curved line from St8 to gB7.","המיקום מחלק את קו ST 8–GB 7 לשלושה רבעים עליונים ורבע תחתון. לכן GB 6 קרובה יותר לקצה GB 7 מאשר GB 4 ו־GB 5.","The ST 8–GB 7 curve is divided into upper three quarters and a lower quarter. GB 6 is therefore nearer GB 7 than GB 4 or GB 5.","GB 5","","supplied dataset","","","ממתין לסקירה מקצועית","","",""
"GB 7","175","headSide","530","315","On the head, at the junction of the vertical line of the posterior border of the temple hairline and the horizontal line of the apex of the auricle.","התיאור משתמש במפגש שני קווי ייחוס: קו אנכי של הגבול האחורי של קו השיער ברקה, וקו אופקי בגובה קודקוד האפרכסת.","The description intersects two references: a vertical line at the posterior temporal hairline border and a horizontal line through the auricular apex.","GB 8","","supplied dataset","","","ממתין לסקירה מקצועית","","",""
"GB 8","175","headSide","435","245","On the head, directly superior to the auricular apex, 1.5 B-cun superior to the temporal hairline. Note: Superior to TE20, 1.5 B-cun within the hairline, it is easier to palpate the point while the subject is chewing.","קודקוד האפרכסת קובע את הקו האנכי, וקו השיער ברקה הוא מוצא המרחק של 1.5 B-cun. אלה שני תפקידים שונים של ציוני הדרך.","The auricular apex establishes vertical alignment; the temporal hairline starts the 1.5 B-cun measure. These landmarks serve different roles.","GB 10","","supplied dataset","","","ממתין לסקירה מקצועית","","",""
"GB 9","176","headSide","368","230","On the head, directly superior to the posterior border of the auricular root, 2 B-cun superior to the hairline. Note: GB9 is 0.5 B-cun posterior to GB8.","ההתייחסות היא לגבול האחורי של שורש האפרכסת, ולא לקודקוד שלה. הגובה מתואר כ־2 B-cun מעל קו השיער.","The reference is the posterior auricular-root border rather than the apex. The stated level is 2 B-cun above the hairline.","TE 22","","supplied dataset","","","ממתין לסקירה מקצועית","","",""
"GB 10","176","headSide","345","300","On the head, posterosuperior to the mastoid process, at the junction of the upper one third and lower two thirds of the curved line from gB9 to gB12. Note: Posterior to the auricular apex, 1 B-cun superior to the hairline.","GB 10 ו־GB 11 מחלקות את הקו הקמור מ־GB 9 ל־GB 12. GB 10 במפגש השליש העליון ושני השלישים התחתונים; GB 11 בחלוקה ההפוכה. שני המקומות שונים לאורך אותו קו.","GB 10 and GB 11 divide the GB 9–GB 12 curve. GB 10 is at the upper-third/lower-two-thirds junction; GB 11 uses the opposite fraction. These are distinct positions on one curve.","GB 11","","supplied dataset","","","ממתין לסקירה מקצועית","","",""
"GB 11","177","headSide","345","377","On the head, posterior and superior to the mastoid process, at the junction of the up- per two thirds and lower one third of the curved line from gB 9 to gB12.","GB 11 מחלקת את הקו הקמור בין GB 9 ל־GB 12 לשני שלישים עליונים ושליש תחתון. קראו גם את היחס לזיז הפטמתי, ולא רק את חלוקת הקו.","GB 11 divides the GB 9–GB 12 curve into upper two thirds and a lower third. Read its mastoid relationship as well as the curve fraction.","GB 10","","supplied dataset","","","ממתין לסקירה מקצועית","","",""
"GB 12","177","headSide","375","625","In the anterior region of the neck, in the depression posteroinferior to the mastoid process.","השקע מתואר מאחור ומתחת לזיז הפטמתי. שתי מילות הכיוון נדרשות: מאחור לבדה או מתחת לבדה אינן משחזרות את התיאור.","The depression is posteroinferior to the mastoid process. Both directional components matter; posterior or inferior alone is incomplete.","GB 11","","supplied dataset","","","ממתין לסקירה מקצועית","","",""
"GB 13","178","scalp","290","225","On the head, 0.5 B-cun superior to the anterior hairline, 3 B-cun lateral to the anterior median line. Note: GB13 is at the junction of the medial two thirds and lateral one third of the curved line from gV24 to St8.","שתיהן חצי B-cun מעל קו השיער הקדמי. GB 13 במרחק 3 B-cun מקו האמצע ו־BL 4 במרחק 1.5. הגובה זהה וההיסט של GB 13 כפול, לפי הגדרת המקור.","Both are half a B-cun above the anterior hairline. GB 13 is 3 B-cun lateral and BL 4 is 1.5. Their height is shared while GB 13’s stated offset is twice as large.","BL 4","","supplied dataset","","","ממתין לסקירה מקצועית","","",""
"GB 14","178","face","400","324","On the head, 1 B-cun superior to the eyebrow, directly superior to the centre of the pupil.","GB 14 נמצאת 1 B-cun מעל הגבה, בקו האישון. GB 15 משתמשת באותו קו אישון אך בחצי B-cun בתוך קו השיער. גבה וקו שיער הם שני מוצאי מדידה שונים.","GB 14 is 1 B-cun above the eyebrow on the pupil line. GB 15 follows that alignment but is half a B-cun within the hairline. Eyebrow and hairline are different starting references.","GB 15","","supplied dataset","","","ממתין לסקירה מקצועית","","",""
"GB 15","179","scalp","365","225","On the head, 0.5 B-cun within the anterior hairline, directly superior to the centre of the pupil. Note: When looking straight ahead, GB15 is superior to the centre of the pupil, at the midpoint of the curved line from gV24 to St8.","GB 15 ו־GV 24 חצי B-cun בתוך קו השיער הקדמי. GB 15 בקו שמעל מרכז האישון, ו־GV 24 בקו האמצע. הכיוון הצדדי נשען על האישון ולא על פינת העין.","GB 15 and GV 24 are half a B-cun within the anterior hairline. GB 15 follows the pupil-centre line; GV 24 is midline. The alignment uses the pupil, not the eye corner.","GV 24","","supplied dataset","","","ממתין לסקירה מקצועית","","",""
"GB 16","179","scalp","365","275","On the head, 1.5 B-cun within the anterior hairline, directly superior to the centre of the pupil. Note: GB16 is 1 B-cun superior to GB15.","GB 16 ממשיכה על קו האישון, 1.5 B-cun בתוך קו השיער הקדמי. GB 15 נמצאת חצי B-cun בתוך הקו. ההפרש הוא יחידה אחת לאורך הקרקפת, עם אותו יישור צדדי.","GB 16 follows the pupil line 1.5 B-cun within the anterior hairline; GB 15 lies half a B-cun within it. The difference is one unit along the scalp with the same alignment.","GB 15","","supplied dataset","","","ממתין לסקירה מקצועית","","",""
"GB 17","180","scalp","365","325","On the head, 2.5 B-cun within the anterior hairline, directly superior to the centre of the pupil. Note: GB17 is 2 B-cun superior to GB15.","GB 17 ו־BL 6 נמצאות 2.5 B-cun מקו השיער הקדמי. GB 17 מיושרת לאישון, ו־BL 6 לעמודה של 1.5 B-cun מקו האמצע. אותו מרחק מקו השיער אינו אותה עמודה.","GB 17 and BL 6 are 2.5 B-cun from the anterior hairline. GB 17 follows the pupil alignment; BL 6 follows the 1.5 B-cun lateral column. Hairline distance alone does not distinguish them.","BL 6","","supplied dataset","","","ממתין לסקירה מקצועית","","",""
"GB 18","180","scalp","365","400","On the head, 4 B-cun within the anterior hairline, directly superior to the centre of the pupil. Note: GB18 is 1.5 B-cun posterior to gB17, at the same level as BL7.","הגובה היחסי של GB 18 הוא 4 B-cun בתוך קו השיער הקדמי, כמו BL 7. קו האישון מבדיל את העמודה של GB. זהו מבט פרוס של הקרקפת; הכיוון במסך אינו תנועת ראש.","GB 18 and BL 7 share a distance of 4 B-cun from the anterior hairline. Pupil alignment distinguishes the GB column. A flattened scalp view represents references rather than head movement.","BL 7","","supplied dataset","","","ממתין לסקירה מקצועית","","",""
"GB 19","181","headBack","320","385","On the head, at the same level as the supe- rior border of the external occipital protu- berance, directly superior to gB20. Note: GB19 is at the same level as GV17 and BL9.","הגובה קשור לגבול העליון של הבליטה העורפית החיצונית, והיישור האנכי הוא מעל GB 20. ציון הדרך הגרמי והנקודה השכנה ממלאים תפקידים שונים.","The superior external-occipital-protuberance border sets the level; GB 20 sets vertical alignment. Bone and neighbouring point serve different roles.","BL 9","","supplied dataset","","","ממתין לסקירה מקצועית","","",""
"GB 20","181","headBack","340","475","In the anterior region of the neck, inferior to the occipital bone, in the depression between the origins of sternocleidomastoid and the trapezius muscles. Note: GB20 is at the same level as GV16.","GB 20 מתוארת מתחת לעצם העורף, בשקע בין אזורי המוצא של מפנה הראש והטרפז. GV 16 בקו האמצע בגובה דומה. השקע בין השרירים הוא ההבחנה הצדדית המרכזית.","GB 20 is below the occiput in the depression between sternocleidomastoid and trapezius origins. GV 16 is midline at a similar level. The intermuscular depression defines the lateral distinction.","GV 16","","supplied dataset","","","ממתין לסקירה מקצועית","","",""
"GB 21","182","back","665","150","In the posterior region of the neck, at the midpoint of the line connecting the spinous process of the seventh cervical vertebra (C7) with the lateral end of the acromion.","GB 21 היא אמצע הקו בין זיז C7 לקצה הצדדי של שיא הכתף. GV 14 נמצאת מתחת לזיז C7 בקו האמצע. אמצע הקו אינו אמצע הצוואר או אמצע עצם הבריח.","GB 21 is the midpoint between the C7 spinous process and lateral acromial end. GV 14 is midline below C7. This line’s midpoint is neither the neck centre nor the clavicular midpoint.","GV 14","","supplied dataset","","","ממתין לסקירה מקצועית","","",""
"GB 22","182","torsoSide","480","330","In the lateral thoracic region, in the fourth intercostal space, on the midaxillary line.","המרווח הבין־צלעי הרביעי משותף לשתי הנקודות. GB 22 על הקו האמצעי של בית השחי; GB 23 במרחק 1 B-cun לפניו. ״לפני״ מתייחס לכיוון קדמת הגוף.","Both points use the fourth intercostal space. GB 22 lies on the midaxillary line; GB 23 is 1 B-cun anterior to it. Anterior refers toward the body’s front.","GB 23","","supplied dataset","","","ממתין לסקירה מקצועית","","",""
"GB 23","183","torsoSide","530","330","In the lateral thoracic region, in the fourth intercostal space, 1 B-cun anterior to the midaxillary line.","GB 23 נמצאת במרווח הרביעי, 1 B-cun קדמית לקו אמצע בית השחי. GB 22 נמצאת על הקו עצמו. שינוי ההיסט הקדמי אינו מעבר למרווח הבין־צלעי הבא.","GB 23 is in the fourth space, 1 B-cun anterior to the midaxillary line; GB 22 lies on the line. An anterior offset does not move the point into the next intercostal space.","GB 22","","supplied dataset","","","ממתין לסקירה מקצועית","","",""
"GB 24","183","torsoFront","372","480","In the anterior thoracic region, in the sev- enth intercostal space, 4 B-cun lateral to the anterior median line. Note 1: GB 24 is inferior to the centre of the nipple, one rib inferior to LR 14. Note 2: In females, GB24 can be found at the intersection of the midclavicular line and the seventh intercostal space.","GB 24 נמצאת במרווח הבין־צלעי השביעי, בהיסט 4 B-cun; LR 14 במרווח השישי באותו היסט. זו השוואה של מרווחים סמוכים, ולא של שני קווי רוחב שונים.","GB 24 uses the seventh intercostal space at a 4 B-cun offset; LR 14 uses the sixth at the same offset. The comparison changes intercostal space rather than lateral column.","LR 14","","supplied dataset","","","ממתין לסקירה מקצועית","","",""
"GB 25","184","torsoSide","440","640","On the lateral abdomen, inferior to the free extremity of the 12th rib. Note: GB 25 can be located while the subject is lying on the side with the shoulder flexed. The free extremity of the 12th rib can be palpated below the inferior border of the costal arch posterior to the posterior axillary line.","שתיהן קשורות לקצה חופשי של צלע בצד הגוף: LR 13 לצלע ה־11 ו־GB 25 לצלע ה־12. יש לזהות את הצלע המתוארת לפני השוואת מיקומן בסכמה.","Both use a free rib end on the flank: LR 13 rib 11 and GB 25 rib 12. Identify the named rib before comparing schematic positions.","LR 13","","supplied dataset","","","ממתין לסקירה מקצועית","","",""
"GB 26","184","torsoSide","475","720","On the lateral abdomen, inferior to the free extremity of the 11th rib, at the same level as the centre of umbilicus. Note 1: GB26 can be located by first locat- ing the tenth rib, then searching for the free extremity of the 11th rib that is situated immediately below the inferior border of the costal arch. Note 2: GB 26 is inferior to LR 13, at the same level as CV 8.","GB 26 בגובה הטבור ומתחת לקצה החופשי של הצלע ה־11. LR 13 קשורה לקצה הצלע עצמו. הצלע נותנת את היחס האנכי, והטבור מוסיף שורת גובה נפרדת.","GB 26 is level with the umbilicus and inferior to the free end of rib 11. LR 13 uses that rib end itself. Rib relationship and umbilical level provide separate locating information.","LR 13","","supplied dataset","","","ממתין לסקירה מקצועית","","",""
"GB 27","185","torsoFront","345","825","On the lower abdomen, 3 B-cun inferior to the centre of umbilicus, medial to the anterior superior iliac spine. Note: GB 27 is 3 B-cun inferior to GB 26, at the same level as CV 4.","GB 27 נמצאת 3 B-cun מתחת לטבור, מדיאלית לקוץ הכסל הקדמי העליון. GB 28 מתוארת חצי B-cun מדיאלית ותחתונה לקוץ. יש לקרוא את העוגן של כל מידה במפורש.","GB 27 is 3 B-cun below the umbilicus, medial to the ASIS. GB 28 is half a B-cun medioinferior to the ASIS. Read the starting landmark for each measure explicitly.","GB 28","","supplied dataset","","","ממתין לסקירה מקצועית","","",""
"GB 28","185","torsoFront","328","865","On the lower abdomen, 0.5 B-cun medioin- ferior to the anterior superior iliac spine. Note: GB28 is 0.5 B-cun medioinferior to gB27.","קוץ הכסל הקדמי העליון הוא עוגן המיקום הראשי של GB 28: חצי B-cun מדיאלית ותחתונה ממנו. GB 27 כוללת גם גובה ביחס לטבור. אין להסתפק במילים ״ליד האגן״.","The ASIS anchors primary GB 28: half a B-cun medioinferior to it. GB 27 also specifies an umbilical level. “Near the pelvis” does not capture these directional relationships.","GB 27","","supplied dataset","","","ממתין לסקירה מקצועית","","",""
"GB 29","186","hip","690","445","In the buttock region, midpoint of the line connecting the anterior superior iliac spine and the prominence of the greater trochanter.","GB 29 משתמשת באמצע הקו שבין קוץ הכסל הקדמי העליון לתל הגדול. GB 30 הראשית משתמשת בקו אחר, מן התל הגדול לפתח העצה. החלופה של GB 30 חוזרת לקו הקדמי, אך בחלוקה שונה.","GB 29 uses the midpoint of the ASIS–greater-trochanter line. Primary GB 30 uses a different line toward the sacral hiatus. Its alternative uses the anterior line but a different division.","GB 30","","supplied dataset","","","ממתין לסקירה מקצועית","","",""
"GB 30","186","hip","523.3333333333334","593.3333333333334","In the buttock region, at the junction of the lateral one third and medial two thirds of the line connecting the prominence of the greater trochanter with the sacral hiatus. Note: GB30 is easier to locate when the subject is lying on the side with the thigh flexed. Remarks: Alternative location for GB30 - in the buttock region, at the junction of the lateral one third and medial two thirds of the distance between the prominence of the greater trochanter and the anterior superior iliac spine.","GB 29 משתמשת באמצע הקו שבין קוץ הכסל הקדמי העליון לתל הגדול. GB 30 הראשית משתמשת בקו אחר, מן התל הגדול לפתח העצה. החלופה של GB 30 חוזרת לקו הקדמי, אך בחלוקה שונה.","GB 29 uses the midpoint of the ASIS–greater-trochanter line. Primary GB 30 uses a different line toward the sacral hiatus. Its alternative uses the anterior line but a different division.","GB 29","חלופה: שליש מהדרך מן התל הגדול לכיוון קוץ הכסל הקדמי העליון. הקו הראשי פונה מן התל הגדול לכיוון פתח העצה.","focused WHO excerpt check (3.2)","","","ממתין לסקירה מקצועית","","",""
"GB 31","187","legLateral","500","300","On the lateral aspect of the thigh, in the depression posterior to the iliotibial band where the tip of the middle finger rests, when standing up with the arms hanging alongside the thigh. Note: GB31 is located by first finding the iliotibial band when the knee is slightly flexed and the hip is abducted against resis- tance.","ההגדרה משלבת את הצד האחורי של הרצועה האיליוטיביאלית עם תנוחת עמידה וזרוע תלויה. לכן אין להסיק את מיקומה ממספר קבוע בתרשים בלבד.","The definition combines a position posterior to the iliotibial band with standing posture and a hanging arm. A fixed schematic number alone cannot reproduce it.","GB 32","","supplied dataset","","","ממתין לסקירה מקצועית","","",""
"GB 32","187","legLateral","500","340","On the lateral aspect of the thigh, posterior to the iliotibial band, 7 B-cun superior to the popliteal crease.","GB 32 נמצאת מאחורי הרצועה האיליוטיביאלית, 7 B-cun מעל קפל בית הברך. GB 31 משתמשת גם ביחס ליד התלויה בעמידה. שתי ההגדרות אינן מודדות מאותו עוגן.","GB 32 lies posterior to the iliotibial band, 7 B-cun above the popliteal crease. GB 31 also uses a hanging-hand relationship in standing. The definitions do not measure from the same reference.","GB 31","","supplied dataset","","","ממתין לסקירה מקצועית","","",""
"GB 33","188","legLateral","450","470","On the lateral aspect of the knee, in the depression between the biceps femoris tendon and the iliotibial band, posterior and proximal to the lateral epicondyle of the femur.","GB 33 קשורה לשקע בין גיד הדו־ראשי הירכי לרצועה האיליוטיביאלית, מאחור ומעל העילית העלי הצדדית של הירך. GB 34 משתמשת בראש השוקית שמתחת לברך. אלה שתי עצמות שונות.","GB 33 uses the biceps-femoris–iliotibial-band depression posteroproximal to the lateral femoral epicondyle. GB 34 uses the fibular head below the knee. These are landmarks on different bones.","GB 34","","supplied dataset","","","ממתין לסקירה מקצועית","","",""
"GB 34","188","legLateral","570","520","On the fibular aspect of the leg, in the depression anterior and distal to the head of the fibula.","ראש השוקית הוא העוגן. השקע מתואר לפניו ובכיוון כף הרגל; אין לבלבל בין ראש השוקית לבין הפטישון החיצוני בקרסול.","The fibular head is the reference, with the depression anterior and distal to it. Distinguish the fibular head from the lateral ankle malleolus.","GB 36","","supplied dataset","","","ממתין לסקירה מקצועית","","",""
"GB 35","189","legLateral","450","715","On the fibular aspect of the leg, posterior to the fibula, 7 B-cun proximal to the prominence of the lateral malleolus. Note: GB35 is located 1 B-cun distal to the midpoint of the line connecting the prominence of the lateral malleolus and the lateral end of the popliteal crease, posterior to gB36.","שתי הנקודות נמצאות באותו גובה ביחס לפטישון החיצוני. GB 35 מתוארת מאחורי השוקית ו־GB 36 לפניה. העצם מבדילה בין שני צדי השוק.","Both are at the same level relative to the lateral malleolus. GB 35 is posterior to the fibula and GB 36 anterior. The bone distinguishes their sides.","GB 36","","supplied dataset","","","ממתין לסקירה מקצועית","","",""
"GB 36","189","legLateral","540","715","On the fibular aspect of the leg, anterior to the fibula, 7 B-cun proximal to the prominence of the lateral malleolus. Note: GB36 is located 1 B-cun distal to the midpoint of the line connecting the prominence of the lateral malleolus and the lateral end of the popliteal crease, anterior to GB35.","שתי הנקודות נמצאות באותו גובה ביחס לפטישון החיצוני. GB 35 מתוארת מאחורי השוקית ו־GB 36 לפניה. העצם מבדילה בין שני צדי השוק.","Both are at the same level relative to the lateral malleolus. GB 35 is posterior to the fibula and GB 36 anterior. The bone distinguishes their sides.","GB 35","","supplied dataset","","","ממתין לסקירה מקצועית","","",""
"GB 37","190","legLateral","540","767","On the fibular aspect of the leg, anterior to the fibula, 5 B-cun proximal to the prominence of the lateral malleolus.","הפטישון החיצוני הוא מוצא המדידה: GB 37 נמצאת 5 B-cun מעליו, לפני השוקית; GB 38 נמצאת 4 B-cun מעליו. המילה ״לפני״ מתייחסת לעצם השוקית.","The lateral malleolus starts the measure: GB 37 is 5 B-cun above it, anterior to the fibula; GB 38 is 4 B-cun above. Anterior is defined relative to the fibula.","GB 38","","supplied dataset","","","ממתין לסקירה מקצועית","","",""
"GB 38","190","legLateral","540","794","On the fibular aspect of the leg, anterior to the fibula, 4 B-cun proximal to the prominence of the lateral malleolus.","GB 38 ו־GB 39 נמצאות לפני השוקית. ההבדל הוא הגובה מעל הפטישון החיצוני: 4 לעומת 3 B-cun. כאן נשמר גם הצד של העצם וגם מוצא המדידה.","GB 38 and GB 39 are anterior to the fibula. Their heights above the lateral malleolus are 4 and 3 B-cun. Both the bone relationship and starting landmark remain constant.","GB 39","","supplied dataset","","","ממתין לסקירה מקצועית","","",""
"GB 39","191","legLateral","540","820","On the fibular aspect of the leg, anterior to the fibula, 3 B-cun proximal to the prominence of the lateral malleolus.","שתיהן משתמשות בגובה של 3 B-cun מעל אזור הפטישון החיצוני. GB 39 לפני השוקית, ו־BL 59 בין השוקית לגיד אכילס מאחור. הגובה המשותף אינו מחליף את בחירת הצד.","Both use a level 3 B-cun above the lateral-malleolar region. GB 39 is anterior to the fibula; BL 59 lies between fibula and Achilles posteriorly. Shared height still requires side identification.","BL 59","","supplied dataset","","","ממתין לסקירה מקצועית","","",""
"GB 40","191","footTop","650","760","On the anterolateral aspect of the ankle, in the depression lateral to the extensor digitorum longus tendon, anterior and distal to the lateral malleolus. Note: GB40 is easier to locate by finding the extensor digitorum longus tendon when the second to fifth toes are extended against resistance.","התיאור משלב את הפטישון החיצוני עם גיד פושט האצבעות הארוך. המיקום צדדי לגיד ולפנים ולמטה מהפטישון; אלה יחסים משלימים.","The lateral malleolus and extensor digitorum longus tendon both matter: lateral to the tendon and anterior/distal to the malleolus.","ST 41","","supplied dataset","","","ממתין לסקירה מקצועית","","",""
"GB 41","192","footTop","615","560","On the dorsum of the foot, distal to the junction of the bases of the fourth and fifth metatarsal bones, in the depression lateral to the fifth extensor digitorum longus tendon.","שתיהן בגב כף הרגל בין עצמות המסרק הרביעית והחמישית. GB 41 קשורה לאזור בסיסי העצמות; GB 42 לאזור הפרוקסימלי למפרק המסרק־גליל הרביעי. יש לעקוב לאורך העצמות ולא רק בין האצבעות.","Both lie between the fourth and fifth metatarsals. GB 41 relates to their bases; GB 42 to the region proximal to the fourth metatarsophalangeal joint. Follow the bones, not just the toe gap.","GB 42","","supplied dataset","","","ממתין לסקירה מקצועית","","",""
"GB 42","192","footTop","650","470","On the dorsum of the foot, between the fourth and fifth metatarsal bones, in the depression proximal to the fourth metatarsophalangeal joint.","שתיהן בגב כף הרגל בין עצמות המסרק הרביעית והחמישית. GB 41 קשורה לאזור בסיסי העצמות; GB 42 לאזור הפרוקסימלי למפרק המסרק־גליל הרביעי. יש לעקוב לאורך העצמות ולא רק בין האצבעות.","Both lie between the fourth and fifth metatarsals. GB 41 relates to their bases; GB 42 to the region proximal to the fourth metatarsophalangeal joint. Follow the bones, not just the toe gap.","GB 41","","supplied dataset","","","ממתין לסקירה מקצועית","","",""
"GB 43","193","footTop","655","365","On the dorsum of the foot, between the fourth and fifth toes, proximal to the web margin, at the border between the red and white flesh.","GB 43 משתמשת בשולי הקרום בין האצבעות הרביעית והחמישית. GB 42 נמצאת יותר לכיוון הקרסול, במרווח המסרקים, פרוקסימלית למפרק המסרק־גליל הרביעי. תחילה מבחינים בין קרום האצבעות לבין עצמות המסרק.","GB 43 uses the fourth–fifth toe-web margin. GB 42 lies more proximally in the metatarsal interval, proximal to the fourth toe joint. Distinguish web margin from metatarsal bones first.","GB 42","","supplied dataset","","","ממתין לסקירה מקצועית","","",""
"GB 44","193","footTop","650","255","On the fourth toe, lateral to the distal phalanx, 0.1 f-cun proximal to the lateral corner of the toenail, at the intersection of the vertical line of the lateral side of the nail and the horizontal line of the base of the fourth toenail.","GB 44 מתוארת סמוך לפינה הצדדית של ציפורן האצבע הרביעית, 0.1 F-cun לכיוון שורש האצבע. ST 45 קשורה לאצבע השנייה. אין לזהות את האצבע לפי גודל הציפורן בלבד באיור.","GB 44 lies near the lateral fourth-toenail corner, 0.1 F-cun proximally. ST 45 uses the second toe. Identify the digit by order rather than illustrated nail size alone.","ST 45","","supplied dataset","","","ממתין לסקירה מקצועית","","",""
"LR 1","196","footTop","370","200","On the great toe, lateral to the distal phalanx, 0.1 f-cun proximal to the lateral corner of the toenail, at the intersection of the vertical line of the lateral side of the nail and the horizontal line of the base of the toenail.","שתיהן בבוהן: SP 1 בצד המדיאלי ו־LR 1 בצד הלטרלי של הציפורן. זיהוי שתי פינות אותה ציפורן חשוב יותר מזכירת צד ימין או שמאל בתמונה.","Both use the great toe: SP 1 its medial nail side and LR 1 its lateral nail side. Distinguish the nail corners rather than memorizing picture left and right.","SP 1","","supplied dataset","","","ממתין לסקירה מקצועית","","",""
"LR 2","196","footTop","405","315","On the dorsum of the foot, between the first and second toes, proximal to the web margin, at the border between the red and white flesh.","ST 44 משתמשת ברווח שבין האצבעות השנייה והשלישית; LR 2 ברווח שבין הבוהן לאצבע השנייה. הספירה מתחילה בבוהן, גם כשהאיור מוצג מהצד.","ST 44 uses the second–third toe interval; LR 2 the great–second toe interval. Toe numbering starts with the great toe regardless of the viewing direction.","ST 44","","supplied dataset","","","ממתין לסקירה מקצועית","","",""
"LR 3","197","footTop","430","485","On the dorsum of the foot, between the first and second metatarsal bones, in the depression distal to the junction of the bases of the two bones, over the dorsalis pedis artery. Note: LR3 can be felt in the depression when moving proximally from Lr2 in the gap between the first and second metatarsal bones towards the base of two metatarsal bones.","LR 3 מתוארת בין עצמות המסרק הראשונה והשנייה. ST 43 בין השנייה לשלישית. ספירת העצמות מן הבוהן מבדילה בין שני המרווחים בגב כף הרגל.","LR 3 uses the first–second metatarsal interval; ST 43 the second–third interval. Counting bones from the great toe separates these dorsal-foot spaces.","ST 43","","supplied dataset","","","ממתין לסקירה מקצועית","","",""
"LR 4","197","footMedial","410","415","On the anteromedial aspect of the ankle, in the depression medial to the tibialis anterior tendon, anterior to the medial malleolus. Note: LR4 is located midway between SP5 and St41.","LR 4 נמצאת לפני הפטישון הפנימי ובצד המדיאלי של גיד השוקתי הקדמי. SP 5 מתוארת לפני ומתחת לפטישון ביחס לעצם הסירה. נוכחות הגיד בתיאור מחדדת את ההבדל.","LR 4 is anterior to the medial malleolus and medial to the tibialis-anterior tendon. SP 5 is anteroinferior to the malleolus with a navicular reference. The tendon relationship distinguishes LR 4.","SP 5","","supplied dataset","","","ממתין לסקירה מקצועית","","",""
"LR 5","198","legMedial","600","744","On the anteromedial aspect of the leg, at the centre of the medial border (surface) of the tibia, 5 B-cun proximal to the prominence of the medial malleolus. Note: LR5 is located at the same level as the upper two thirds and lower one third of the line connecting the apex of the patella with the prominence of the medial malleolus, at the centre of the medial border (surface) of the tibia, at the same level as KI9.","LR 5 נמצאת על מרכז הצד הפנימי של השוקה, 5 B-cun מעל הפטישון הפנימי. KI 9 באותו גובה אך במרווח אחורי בין שריר לגיד. פני עצם ומרווח בין רקמות הם שני עוגנים שונים.","LR 5 uses the centre of the medial tibial surface, 5 B-cun above the medial malleolus. KI 9 shares the level in a posterior muscle–tendon interval. Bone surface and tissue interval are distinct.","KI 9","","supplied dataset","","","ממתין לסקירה מקצועית","","",""
"LR 6","198","legMedial","600","682","On the anteromedial aspect of the leg, at the centre of the medial border (surface) of the tibia, 7 B-cun proximal to the prominence of the medial malleolus. Note: LR6 is located at 0.5 B-cun inferior to the midpoint of the line connecting the apex of the patella with the prominence of the medial malleolus, at the centre of the medial border (surface) of the tibia.","LR 6 משתמשת באותו צד פנימי של השוקה כמו LR 5, אך נמצאת 7 B-cun מעל הפטישון לעומת 5. ההפרש הוא שתי יחידות יחסיות לאורך השוק, לא שינוי בצד העצם.","LR 6 uses the same medial tibial surface as LR 5 but lies 7 rather than 5 B-cun above the malleolus. The two-unit difference is longitudinal, not a change in bone side.","LR 5","","supplied dataset","","","ממתין לסקירה מקצועית","","",""
"LR 7","199","legMedial","495","485","On the tibial aspect of the leg, inferior to the medial condyle of the tibia, 1 B-cun posterior to SP9.","LR 7 מתוארת מתחת לעלי הפנימי של השוקה, 1 B-cun מאחורי SP 9. המרחק הוא בכיוון אחורי, ולא מעלה או מטה לאורך השוק.","LR 7 lies inferior to the medial tibial condyle, 1 B-cun posterior to SP 9. The stated offset is posterior, not up or down the leg.","SP 9","","supplied dataset","","","ממתין לסקירה מקצועית","","",""
"LR 8","199","legMedial","480","460","On the medial aspect of the knee, in the depression medial to the tendons of the semitendinosus and the semimembranosus muscles, at the medial end of the popliteal crease. Note: With the knee flexed, LR8 is located in the depression medial to the most prominent tendon on the medial end of the popliteal crease.","SP 9 משתמשת בגבול התחתון של הקונדיל הפנימי של השוקה. LR 8 מתייחסת לקצה הפנימי של קפל הברך ולגידים. עצם וקפל אינם אותו ציון דרך.","SP 9 uses the inferior border of the medial tibial condyle. LR 8 uses the medial knee-crease end and tendons. A bony margin and a crease are different references.","SP 9","","supplied dataset","","","ממתין לסקירה מקצועית","","",""
"LR 9","200","legMedial","550","350","On the medial aspect of the thigh, between the gracilis and the sartorius muscles, 4 B- cun proximal to the base of the patella. Note: With the hip slightly flexed and ab- ducted and with the muscle under tension, the sartorius muscle becomes more distinct. Lr 9 is located posterior to the sartorius muscle.","LR 9 נמצאת בין השריר העדין לשריר החייטים, 4 B-cun מעל בסיס הפיקה. SP 10 קשורה לשריר הרחב הפנימי ובגובה 2 B-cun. גם המרווח השרירי וגם הגובה שונים.","LR 9 is between gracilis and sartorius, 4 B-cun above the patellar base. SP 10 uses vastus medialis at 2 B-cun. Both the muscle relationship and level differ.","SP 10","","supplied dataset","","","ממתין לסקירה מקצועית","","",""
"LR 10","200","legMedial","540","225","On the medial aspect of the thigh, 3 B-cun distal to St30, over the artery.","שתי המידות מתחילות ב־ST 30 ופונות לכיוון הברך: LR 10 במרחק 3 B-cun ו־LR 11 במרחק 2. משום כך סדר המספרים כאן אינו סדר ההתרחקות מן המפשעה.","Both measures start at ST 30 and run toward the knee: LR 10 is 3 B-cun away and LR 11 is 2. Point-number order here is not increasing distance from the groin.","LR 11","","supplied dataset","","","ממתין לסקירה מקצועית","","",""
"LR 11","201","legMedial","540","200","On the medial aspect of the thigh, 2 B-cun distal to St30. Note: LR11 is located lateral to the ad- ductor longus muscle. When the thigh is adducted against resistance with the hip slightly flexed and abducted, the knee flexed, the adductor longus muscle becomes more distinct.","נקודת הייחוס למרחק היא ST 30: התיאור מציין 2 B-cun ממנה לכיוון הברך. הערת המקור מוסיפה יחס לשריר המקרב הארוך.","ST 30 starts the distance reference: 2 B-cun distally toward the knee. The source note adds the adductor-longus relationship.","SP 11","","supplied dataset","","","ממתין לסקירה מקצועית","","",""
"LR 12","201","torsoFront","420","895","In the groin region, at the same level as the superior border of the pubic symphysis, and 2.5 B-cun lateral to the anterior median line.","הגבול העליון של מאחה הערווה קובע את הגובה. LR 12 בהיסט 2.5 B-cun מקו האמצע, ו־ST 30 בהיסט 2. חצי היחידה הנוספת היא צדדית, לא כלפי מעלה או מטה.","The superior pubic-symphysis border sets the level. LR 12 lies 2.5 B-cun lateral and ST 30 lies 2. The additional half-unit is lateral rather than superior or inferior.","ST 30","","supplied dataset","","","ממתין לסקירה מקצועית","","",""
"LR 13","202","torsoSide","530","600","On the lateral abdomen, inferior to the free extremity of the 11th rib. Note: LR13 can be located while the subject is lying on the side with the shoulder flexed. The free extremity of the 11th rib can be palpated below the inferior border of the costal arch.","שתיהן קשורות לקצה חופשי של צלע בצד הגוף: LR 13 לצלע ה־11 ו־GB 25 לצלע ה־12. יש לזהות את הצלע המתוארת לפני השוואת מיקומן בסכמה.","Both use a free rib end on the flank: LR 13 rib 11 and GB 25 rib 12. Identify the named rib before comparing schematic positions.","GB 25","","supplied dataset","","","ממתין לסקירה מקצועית","","",""
"LR 14","202","torsoFront","372","430","In the anterior thoracic region, in the sixth intercostal space, 4 B-cun lateral to the anterior median line. Note: LR 14 is inferior to the centre of the nipple, 2 B-cun lateral to St19. In females, LR 14 is located at the intersection of the midclavicular line and the sixth intercostal space.","LR 14 במרווח הבין־צלעי השישי ו־GB 24 בשביעי, שתיהן בהיסט 4 B-cun. משתמשים במספר המרווח כעוגן הראשי לגובה, ולא במיקום הפטמה בלבד.","LR 14 uses the sixth intercostal space and GB 24 the seventh, both at a 4 B-cun offset. The intercostal-space number, rather than nipple position alone, anchors the level.","GB 24","","supplied dataset","","","ממתין לסקירה מקצועית","","",""
"GV 1","204","perineum","500","760","In the perineal region, inferior to the coccyx, midway between the tip of the coccyx and the anus. Note: The subject may be in prone position or knee-chest position.","GV 1 מוגדרת באמצע שבין קצה עצם הזנב לפי הטבעת. CV 1 נמצאת בצד האחר של פי הטבעת, לכיוון איברי המין החיצוניים. הסכמה המופשטת מדגישה את סדר ציוני הדרך.","GV 1 is midway between the coccygeal tip and anus. CV 1 lies on the other side of the anus toward the external genital reference. The abstract view emphasizes landmark order.","CV 1","","supplied dataset","","","ממתין לסקירה מקצועית","","",""
"GV 2","204","back","500","930","In the sacral region, at the sacral hiatus, on the posterior median line. Note: The sacral hiatus is a small depression immediately above the anal cleft.","GV 2 קשורה לפתח העצה בקו האמצע האחורי. BL 34 מתוארת בנקב העצה האחורי הרביעי. הפתח המרכזי וזוג הנקבים הצדדיים הם מבנים נפרדים, גם בגובה קרוב.","GV 2 uses the sacral hiatus on the posterior midline. BL 34 uses the fourth posterior sacral foramen. The central hiatus and paired lateral foramina are different structures.","BL 34","","supplied dataset","","","ממתין לסקירה מקצועית","","",""
"GV 3","205","back","500","740","In the lumbar region, in the depression inferior to the spinous process of the fourth lumbar vertebra (L4), on the posterior median line. Note: GV 3 can be located by first palpating the highest points of the iliac crests and the spinous process of the fourth lumbar vertebra (L4) can then be found at the midpoint of the highest points of both iliac crests.","GV 3 נמצאת בשקע שמתחת לזיז L4 על קו האמצע האחורי. BL 25 משתמשת באותו גובה בהיסט של 1.5 B-cun. ב־GV אין להוסיף היסט צדדי מן הקו.","GV 3 is in the depression below the L4 spinous process on the posterior midline. BL 25 uses that level at a 1.5 B-cun offset. GV 3 has no lateral displacement.","BL 25","","supplied dataset","","","ממתין לסקירה מקצועית","","",""
"GV 4","205","back","500","660","In the lumbar region, in the depression inferior to the spinous process of the second lumbar vertebra (L2), on the posterior median line.","GV 4 מתוארת מתחת לזיז L2 בקו האמצע; GV 3 מתחת לזיז L4. המספור עובר בין שתי חוליות שאינן סמוכות, ולכן אין למלא אוטומטית נקודה נוספת ב־L3.","GV 4 is below L2 on the midline; GV 3 is below L4. The numbered points reference nonadjacent vertebrae. Do not infer an extra intermediate point at L3.","GV 3","","supplied dataset","","","ממתין לסקירה מקצועית","","",""
"GV 5","206","back","500","620","In the lumbar region, in the depression inferior to the spinous process of the first lumbar vertebra (L1), on the posterior median line.","השקע שמתחת לזיז L1 מגדיר את GV 5 בקו האמצע. BL 22 נמצאת בגובה זה, 1.5 B-cun הצדה. L1 היא תחילת סדרת המותן, בנפרד מסדרת T של בית החזה.","The depression below L1 defines midline GV 5. BL 22 lies at that level 1.5 B-cun laterally. L1 begins the lumbar series, distinct from the thoracic T series.","BL 22","","supplied dataset","","","ממתין לסקירה מקצועית","","",""
"GV 6","206","back","500","545","In the upper back region, in the depression inferior to the spinous process of the 11th thoracic vertebra (T11), on the posterior median line.","GV 6 משתמשת בשקע שמתחת לזיז T11, ו־GV 5 ב־L1. שתי הנקודות בקו האמצע, אך הרצף מדלג על T12. מספר נקודה אינו מבטיח מעבר לחוליה הסמוכה.","GV 6 uses the depression below T11 and GV 5 below L1. Both are midline, but the point sequence skips T12. Consecutive point numbers do not guarantee adjacent vertebrae.","GV 5","","supplied dataset","","","ממתין לסקירה מקצועית","","",""
"GV 7","207","back","500","510","In the upper back region, in the depression inferior to the spinous process of the tenth thoracic vertebra (T10), on the posterior median line.","GV 7 בשקע שמתחת לזיז T10 בקו האמצע האחורי. BL 19 בגובה זה בהיסט 1.5 B-cun. קוראים תחילה את גובה T10 ואז מבחינים בין שקע מרכזי לסימון צדדי.","GV 7 is below T10 on the posterior midline; BL 19 uses that level at a 1.5 B-cun offset. Establish T10 before distinguishing midline depression from lateral marker.","BL 19","","supplied dataset","","","ממתין לסקירה מקצועית","","",""
"GV 8","207","back","500","475","In the upper back region, in the depression inferior to the spinous process of the ninth thoracic vertebra (T9), on the posterior median line.","GV 8 נמצאת מתחת לזיז T9 ו־GV 9 מתחת לזיז T7. אין ביניהן נקודת GV מקבילה ב־T8 ברשימה הזאת. שמירת סדר החוליות חשובה יותר מהנחת מרווחים שווים.","GV 8 lies below T9 and GV 9 below T7. This list has no intervening GV counterpart at T8. Preserve vertebral order rather than assuming equal point spacing.","GV 9","","supplied dataset","","","ממתין לסקירה מקצועית","","",""
"GV 9","208","back","500","405","In the upper back region, in the depression inferior to the spinous process of the seventh thoracic vertebra (T7), on the posterior median line. Note: The depression inferior to the spinous process of the seventh thoracic vertebra (T7) which is at the intersection of two imaginary lines: the posterior midline and the horizontal line of the inferior border of the inferior angle of the scapula.","הגבול התחתון של זיז T7 קובע את גובה GV 9. BL 17 נמצאת 1.5 B-cun הצדה באותו מפלס. הזווית התחתונה של השכמה מוזכרת כעזר, אך הסכמה אינה מדידה על שכמה מסוימת.","The inferior T7 spinous-process border sets GV 9’s level; BL 17 is 1.5 B-cun lateral there. The scapular inferior angle is an auxiliary reference, not a patient-specific measurement in this schematic.","BL 17","","supplied dataset","","","ממתין לסקירה מקצועית","","",""
"GV 10","208","back","500","370","In the upper back region, in the depression inferior to the spinous process of the sixth thoracic vertebra (T6), on the posterior median line.","GV 10 מתוארת מתחת לזיז T6 ו־GV 11 מתחת לזיז T5. שתיהן בקו האמצע; הגדלת מספר GV כאן מתקדמת מעלה לאורך הגב, ולא מטה לפי מספר החוליה.","GV 10 is below T6 and GV 11 below T5, both midline. Increasing GV number here moves upward along the back rather than downward with increasing vertebral number.","GV 11","","supplied dataset","","","ממתין לסקירה מקצועית","","",""
"GV 11","209","back","500","335","In the upper back region, in the depression inferior to the spinous process of the fifth thoracic vertebra (T5), on the posterior median line.","GV 11 משתמשת בזיז T5, ו־GV 12 בזיז T3. הרשומות מדלגות על גובה T4 בקו האמצע. נקודות BL בגובה T4 קיימות, אך אינן הופכות לנקודת GV נוספת.","GV 11 uses T5 and GV 12 uses T3, skipping a T4 midline counterpart in this sequence. BL records at T4 do not imply an additional GV point.","GV 12","","supplied dataset","","","ממתין לסקירה מקצועית","","",""
"GV 12","209","back","500","265","In the upper back region, in the depression inferior to the spinous process of the third thoracic vertebra (T3), on the posterior median line. Note: The depression inferior to the spinous process of the third thoracic vertebra (T3) which is at the intersection of two imaginary lines: the posterior median line and the horizontal line of the medial end of the spine of the scapula.","GV 12 נמצאת מתחת לזיז T3 בקו האמצע. BL 13 בהיסט 1.5 B-cun מאותו גובה. קוץ השכמה מספק הקשר אזורי; נקודת הייחוס המפורשת היא זיז החוליה.","GV 12 lies below T3 on the midline; BL 13 is 1.5 B-cun lateral at that level. The scapular spine gives regional context; the explicit reference is the vertebral spinous process.","BL 13","","supplied dataset","","","ממתין לסקירה מקצועית","","",""
"GV 13","210","back","500","195","In the upper back region, in the depression inferior to the spinous process of the first thoracic vertebra (T1), on the posterior median line.","GV 13 משתמשת בזיז T1 ו־GV 14 בזיז C7, שתיהן בשקע שמתחת לזיז ובקו האמצע. מעבר מהחזה לצוואר משנה את אות הסדרה, ולא רק את המספר.","GV 13 uses T1 and GV 14 C7, both in the depression below the spinous process on the midline. Moving from thorax to neck changes the series letter as well as the number.","GV 14","","supplied dataset","","","ממתין לסקירה מקצועית","","",""
"GV 14","210","back","500","160","In the posterior region of the neck, in the depression inferior to the spinous process of the seventh cervical vertebra (C7), on the posterior median line. Note 1: When the head is in a neutral position while the subject is seated, the most prominent site on the posterior aspect of the neck is the spinous process of the seventh cervical vertebra (C7). Forward flexion of the neck may facilitate palpation of the C7 spinous process. Note 2: Slight rotation of C7 can be pal- pated by rotating the head with the neck slightly flexed.","השקע שמתחת לזיז C7 מגדיר את GV 14 בקו האמצע האחורי. SI 15 נמצאת באותו גובה בהיסט 2 B-cun. בליטה בתמונה אינה מספיקה כשלעצמה לקביעה שהיא C7.","The depression below the C7 spinous process defines midline GV 14. SI 15 shares the level with a 2 B-cun offset. A prominence in a picture alone does not establish C7 identity.","SI 15","","supplied dataset","","","ממתין לסקירה מקצועית","","",""
"GV 15","211","headBack","500","550","In the posterior region of the neck, in the depression superior to the spinous process of the second cervical vertebra (C2), on the posterior median line. Note: After locating GV16, GV15 is located 0.5 B-cun inferior to GV16.","שתיהן בקו האמצע האחורי של הצוואר. GV 15 מתייחסת לגובה החוליה הצווארית השנייה; GV 16 לשקע שמתחת לבליטה העורפית החיצונית. ציון הדרך הגרמי שונה.","Both lie on the posterior neck midline. GV 15 refers to the second cervical vertebral level; GV 16 to the depression below the external occipital protuberance. The bony reference differs.","GV 16","","supplied dataset","","","ממתין לסקירה מקצועית","","",""
"GV 16","211","headBack","500","450","In the posterior region of the neck, directly inferior to the external occipital protuberance, in the depression between the trapezius muscles. Note: With the head slightly extended in the seated position, loosen the trapezius muscle, then move superiorly from the midpoint of the posterior hairline to the occipital bone, gV16 will be found.","שתיהן בקו האמצע האחורי של הצוואר. GV 15 מתייחסת לגובה החוליה הצווארית השנייה; GV 16 לשקע שמתחת לבליטה העורפית החיצונית. ציון הדרך הגרמי שונה.","Both lie on the posterior neck midline. GV 15 refers to the second cervical vertebral level; GV 16 to the depression below the external occipital protuberance. The bony reference differs.","GV 15","","supplied dataset","","","ממתין לסקירה מקצועית","","",""
"GV 17","212","headBack","500","385","On the head, in the depression superior to the external occipital protuberance. Note: GV17 is located in the depression at the intersection of two imaginary lines: the vertical line of the posterior median line and the horizontal line of the superior border of the external occipital protuberance, at the same level as BL9.","העוגן הוא השקע מעל הבליטה העורפית החיצונית בקו האמצע האחורי. אותו גובה יכול להופיע בנקודות צדדיות בלי שהן נמצאות בקו האמצע.","Use the depression above the external occipital protuberance on the posterior midline. Lateral points may share the level without sharing the midline.","BL 9","","supplied dataset","","","ממתין לסקירה מקצועית","","",""
"GV 18","212","scalp","500","600","On the head, 4 B-cun superior to the posterior hairline, on the posterior median line. Note: GV18 is located in the depression 1.5 B-cun superior to gV17.","GV 18 נמצאת 4 B-cun מעל קו השיער האחורי, ו־GV 19 במרחק 5.5. כאן מודדים מהקו האחורי, בניגוד לנקודות קרקפת שנמדדות מקו השיער הקדמי.","GV 18 is 4 B-cun above the posterior hairline and GV 19 is 5.5. These measurements start at the posterior hairline, unlike scalp records measured from the anterior one.","GV 19","","supplied dataset","","","ממתין לסקירה מקצועית","","",""
"GV 19","213","scalp","500","525","On the head, 5.5 B-cun superior to the posterior hairline, on the posterior median line. Note: GV19 is located 1.5 B-cun posterior to GV 20.","GV 19 נמדדת 5.5 B-cun מקו השיער האחורי; GV 20 נמדדת 5 B-cun מהקו הקדמי. ההערה ממקמת את GV 19 במרחק 1.5 B-cun מאחורי GV 20. אין לחסר את שתי מידות השיער לבדן.","GV 19 is measured 5.5 B-cun from the posterior hairline; GV 20 uses 5 from the anterior line. The note places GV 19 1.5 B-cun behind GV 20. Do not subtract unlike-reference measures.","GV 20","","supplied dataset","","","ממתין לסקירה מקצועית","","",""
"GV 20","213","scalp","500","450","On the head, 5 B-cun superior to the ante- rior hairline, on the anterior median line. Note 1: GV20 is located in the depression 1 B-cun anterior to the midpoint of the line from the anterior hairline to the posterior hairline. Note 2: When the ears are folded, GV 20 is located at the midpoint of the connecting line between the auricular apices.","GV 20 נמצאת בקו האמצע, 5 B-cun מקו השיער הקדמי; GV 21 במרחק 3.5. מרכז הראש הנראה בתמונה אינו מחליף את קו השיער והמידה היחסית המפורשים.","GV 20 is midline, 5 B-cun from the anterior hairline; GV 21 uses 3.5. The apparent centre of an illustrated head does not replace the stated hairline and relative measure.","GV 21","","supplied dataset","","","ממתין לסקירה מקצועית","","",""
"GV 21","214","scalp","500","375","On the head, 3.5 B-cun superior to the anterior hairline, on the anterior median line. Note: GV21 is located at the midpoint of the line connecting GV 20 and GV 22.","GV 21 נמצאת 3.5 B-cun בתוך קו השיער הקדמי, ו־GV 22 במרחק 2. לפי המקור GV 21 באמצע בין GV 20 ל־GV 22. אמצע זה מתייחס לקו הקרקפת שביניהן.","GV 21 is 3.5 B-cun within the anterior hairline and GV 22 is 2. The source places GV 21 midway between GV 20 and GV 22, along their scalp reference line.","GV 22","","supplied dataset","","","ממתין לסקירה מקצועית","","",""
"GV 22","214","scalp","500","300","On the head, 2 B-cun superior to the anterior hairline, on the anterior median line.","GV 22 נמצאת 2 B-cun מקו השיער הקדמי ו־GV 23 במרחק 1. שתיהן בקו האמצע. ההבחנה היא מרחק מקו השיער, ללא היסט ימינה או שמאלה.","GV 22 is 2 B-cun from the anterior hairline and GV 23 is 1. Both lie on the midline. Their difference is hairline distance without a left or right offset.","GV 23","","supplied dataset","","","ממתין לסקירה מקצועית","","",""
"GV 23","215","scalp","500","250","On the head, 1 B-cun superior to the anterior hairline, on the anterior median line.","GV 23 ו־BL 5 נמצאות 1 B-cun מעל קו השיער הקדמי. GV 23 בקו האמצע ו־BL 5 בהיסט 1.5 B-cun. הגובה המשותף עוזר להשוות את העמודות על סכמת הקרקפת.","GV 23 and BL 5 lie 1 B-cun above the anterior hairline. GV 23 is midline and BL 5 is 1.5 B-cun lateral. Their shared level helps compare scalp columns.","BL 5","","supplied dataset","","","ממתין לסקירה מקצועית","","",""
"GV 24","215","scalp","500","225","On the head, 0.5 B-cun superior to the anterior hairline, on the anterior median line. Note: When the anterior hairline is unclear or changed, GV 24 is located 3.5 B-cun superior to the midpoint between the medial ends of the eyebrows.","GV 24 נמצאת חצי B-cun בתוך קו השיער הקדמי, בקו האמצע; GV 23 במרחק יחידה שלמה. קו שיער שנסוג או אינו ברור הוא מגבלה של העוגן, ולא סיבה למדוד מקצה המסך.","GV 24 is half a B-cun within the anterior hairline on the midline; GV 23 is one unit within it. An unclear or receding hairline limits the reference, not a reason to measure from the screen edge.","GV 23","","supplied dataset","","","ממתין לסקירה מקצועית","","",""
"GV 25","216","face","500","550","On the face, at the tip of the nose.","קצה האף עצמו הוא המיקום של GV 25. GV 26 משתמשת בחריץ שבין האף לשפה העליונה. אף ששתי הנקודות בקו האמצע של הפנים, הן קשורות למבנים שונים.","GV 25 is at the nasal tip itself. GV 26 uses the philtrum between nose and upper lip. Both are facial midline points but refer to different structures.","GV 26","","supplied dataset","","","ממתין לסקירה מקצועית","","",""
"GV 26","216","face","500","592","On the face, at the midpoint of the philtrum midline. Remarks: Alternative location for GV26 at the junction of the upper one third and lower two thirds of the philtrum midline.","GV 26 נמצאת בקו האמצע של הפילטרום, ו־LI 19 לצדו ומתחת לשוליים הצדדיים של הנחיר. לשתי הרשומות חלופה בגובה שונה; יש להשוות ראשי לראשי וחלופי לחלופי.","GV 26 is on the philtrum midline; LI 19 lies beside it below the lateral nostril margin. Both have an alternative vertical level: compare primary with primary and alternative with alternative.","LI 19","חלופה: בקו האמצע של הפילטרום, במפגש השליש העליון ושני השלישים התחתונים שלו.","supplied dataset","","","ממתין לסקירה מקצועית","","",""
"GV 27","217","face","500","620","On the face, at the midpoint of the tubercle of the upper lip.","CV 24 קשורה לקפל שבין השפה התחתונה לסנטר. GV 27 נמצאת באזור השפה העליונה. שני המבטים קדמיים, אך מדובר בשתי שפות ובשני ציוני דרך נפרדים.","CV 24 uses the mentolabial groove below the lower lip. GV 27 concerns the upper lip. Both are anterior, but the lip and landmark differ.","CV 24","","supplied dataset","","","ממתין לסקירה מקצועית","","",""
"GV 28","217","mouth","500","390","On the face, at the junction of the frenulum of the upper lip with the upper gum. Note: With the head extended in the seated posture and the upper lip lifted, gV28 is located at the junction of the frenulum of the upper lip with the upper gum.","GV 28 קשורה למפגש רסן השפה העליונה עם החניכיים העליונות. GV 27 נמצאת באזור החיצוני של השפה העליונה. לכן תקריב הפה מציג מבט שונה ממבט הפנים הרגיל.","GV 28 uses the upper-labial-frenulum junction with the upper gum. GV 27 concerns the external upper-lip region. The oral close-up therefore differs from the ordinary facial view.","GV 27","","supplied dataset","","","ממתין לסקירה מקצועית","","",""
"CV 1","220","perineum","500","495","In the perineal region, at the midpoint of the line connecting the anus with the posterior border of the scrotum in males and the posterior commissure of labium majoris in females. Note: CV 1 is located midway between the anus and the genital organ, with the subject lying on the side or in knee-chest position.","CV 1 באמצע שבין פי הטבעת לבין העוגן הקדמי של איברי המין החיצוניים, המשתנה לפי האנטומיה המתוארת במקור. GV 1 בצד הפונה לעצם הזנב. הסכמה שומרת על ייחוס קדמי ואחורי מופשט.","CV 1 lies midway between the anus and the anterior external-genital reference specified for the anatomy in the source. GV 1 is on the coccygeal side. The schematic keeps these anterior and posterior relationships abstract.","GV 1","","supplied dataset","","","ממתין לסקירה מקצועית","","",""
"CV 2","220","torsoFront","500","895","On the lower abdomen, superior to the pubic symphysis, on the anterior median line.","החיבור בין שתי עצמות החיק הוא העוגן התחתון, והמיקום מתואר מעליו בקו האמצע הקדמי. אין להחליף את חיבור החיק בכל אזור המפשעה.","The pubic symphysis is the reference, with the point superior to it on the anterior midline. The symphysis is a specific structure, not the whole groin region.","ST 30","","supplied dataset","","","ממתין לסקירה מקצועית","","",""
"CV 3","221","torsoFront","500","860","On the lower abdomen, 4 B-cun inferior to the centre of the umbilicus, on the anterior median line.","CV 3 נמצאת 4 B-cun מתחת לטבור בקו האמצע; CV 4 נמצאת 3 B-cun מתחתיו. ככל שמתקדמים כאן מ־CV 3 ל־CV 4 מתקרבים לטבור, אף שמספר הנקודה עולה.","CV 3 is 4 B-cun below the umbilicus on the midline; CV 4 is 3 below. Moving from CV 3 to CV 4 approaches the umbilicus despite the increasing point number.","CV 4","","supplied dataset","","","ממתין לסקירה מקצועית","","",""
"CV 4","221","torsoFront","500","825","On the lower abdomen, 3 B-cun inferior to the centre of the umbilicus, on the anterior median line.","CV 4 ו־ST 28 נמצאות 3 B-cun מתחת לטבור. CV 4 בקו האמצע ו־ST 28 בהיסט 2 B-cun. ההשוואה מפרידה בין שורת גובה לבין עמודה צדדית.","CV 4 and ST 28 lie 3 B-cun below the umbilicus. CV 4 is midline and ST 28 is 2 B-cun lateral. Separate the shared vertical row from the lateral column.","ST 28","","supplied dataset","","","ממתין לסקירה מקצועית","","",""
"CV 5","222","torsoFront","500","790","On the lower abdomen, 2 B-cun inferior to the centre of the umbilicus, on the anterior median line.","CV 5 נמצאת 2 B-cun מתחת לטבור; CV 6 במרחק 1.5. שתיהן בקו האמצע. המרווח בין שתי הנקודות הוא חצי יחידה יחסית, ולא יחידה שלמה.","CV 5 is 2 B-cun below the umbilicus and CV 6 is 1.5 below, both midline. Their stated separation is half a relative unit rather than a full one.","CV 6","","supplied dataset","","","ממתין לסקירה מקצועית","","",""
"CV 6","222","torsoFront","500","772.5","On the lower abdomen, 1.5 B-cun inferior to the centre of the umbilicus, on the ante- rior median line.","CV 6 נמצאת 1.5 B-cun מתחת לטבור, באמצע בין גובה CV 5 לגובה CV 7. CV 7 במרחק 1 B-cun. המספר העשרוני מבדיל בין סימונים קרובים בקו האמצע.","CV 6 is 1.5 B-cun below the umbilicus, between CV 5’s and CV 7’s levels. CV 7 is 1 B-cun below. The fractional distance distinguishes nearby midline markers.","CV 7","","supplied dataset","","","ממתין לסקירה מקצועית","","",""
"CV 7","223","torsoFront","500","755","On the lower abdomen, 1 B-cun inferior to the centre of the umbilicus, on the anterior median line.","CV 7 נמצאת 1 B-cun מתחת לטבור, ו־CV 9 נמצאת 1 B-cun מעליו. שתיהן בקו האמצע. סימטריה במספר אינה זהות בכיוון ביחס לטבור.","CV 7 is 1 B-cun below the umbilicus and CV 9 is 1 above, both midline. Equal numerical distances have opposite directions relative to the umbilicus.","CV 9","","supplied dataset","","","ממתין לסקירה מקצועית","","",""
"CV 8","223","torsoFront","500","720","On the upper abdomen, in the centre of the umbilicus.","ההגדרה משתמשת במרכז הטבור עצמו. נקודות אחרות בקו האמצע נמדדות ביחס לטבור; כאן אין היסט ממנו.","The definition uses the umbilical centre itself. Other midline points are measured relative to it; this point has no offset from that reference.","CV 7","","supplied dataset","","","ממתין לסקירה מקצועית","","",""
"CV 9","224","torsoFront","500","685","On the upper abdomen, 1 B-cun superior to the centre of the umbilicus, on the anterior median line.","CV 9 נמצאת 1 B-cun מעל מרכז הטבור, בעוד CV 8 במרכז עצמו. תחילה מזהים את הטבור ואז את הכיוון העליון; אין היסט צדדי בתיאור.","CV 9 is 1 B-cun above the umbilical centre, whereas CV 8 is at the centre itself. Establish the umbilicus, then the superior direction; no lateral offset is specified.","CV 8","","supplied dataset","","","ממתין לסקירה מקצועית","","",""
"CV 10","224","torsoFront","500","650","On the upper abdomen, 2 B-cun superior to the centre of the umbilicus, on the anterior median line.","CV 10 נמצאת בקו האמצע, 2 B-cun מעל הטבור. KI 17 באותו גובה, חצי B-cun הצדה. המיקום של CV נשאר במרכז גם כאשר ההדגשה של KI קרובה אליו.","CV 10 is midline, 2 B-cun above the umbilicus. KI 17 shares that level half a B-cun laterally. A nearby KI highlight does not move the CV reference off the midline.","KI 17","","supplied dataset","","","ממתין לסקירה מקצועית","","",""
"CV 11","225","torsoFront","500","615","On the upper abdomen, 3 B-cun superior to the centre of the umbilicus, on the anterior median line.","CV 11 נמצאת 3 B-cun מעל הטבור בקו האמצע; SP 16 בגובה זה בהיסט 4 B-cun. שתי הרשומות ממחישות הבדל בין עוגן מרכזי לבין עמודה רחוקה יותר באותה שורה.","CV 11 is midline, 3 B-cun above the umbilicus; SP 16 uses a 4 B-cun offset at that level. The pair contrasts a central reference with a farther lateral column.","SP 16","","supplied dataset","","","ממתין לסקירה מקצועית","","",""
"CV 12","225","torsoFront","500","580","On the upper abdomen, 4 B-cun superior to the centre of the umbilicus, on the anterior median line. Note: CV12 is located at the midpoint of the line connecting the xiphisternal junction and the centre of umbilicus.","CV 12 נמצאת 4 B-cun מעל הטבור ומתוארת גם כאמצע הדרך בין הטבור לחיבור גוף עצם החזה וזיז החרב. CV 16 נמצאת בחיבור עצמו. האמצע וקצה הקו הם מיקומים שונים.","CV 12 is 4 B-cun above the umbilicus and the stated midpoint between umbilicus and xiphisternal junction. CV 16 uses the junction itself. Midpoint and endpoint are distinct positions.","CV 16","","supplied dataset","","","ממתין לסקירה מקצועית","","",""
"CV 13","226","torsoFront","500","545","On the upper abdomen, 5 B-cun superior to the centre of the umbilicus, on the anterior median line.","CV 13 נמצאת בקו האמצע, 5 B-cun מעל הטבור. ST 20 נמצאת 2 B-cun לצדה באותו גובה. השוואתן דורשת לשמור על גובה הטבור כעוגן משותף.","CV 13 is midline, 5 B-cun above the umbilicus. ST 20 lies 2 B-cun lateral at that level. Keep the umbilicus as their shared vertical reference.","ST 20","","supplied dataset","","","ממתין לסקירה מקצועית","","",""
"CV 14","226","torsoFront","500","510","On the upper abdomen, 6 B-cun superior to the centre of the umbilicus, on the anterior median line.","CV 14 ו־KI 21 נמצאות 6 B-cun מעל הטבור. CV 14 בקו האמצע ו־KI 21 בהיסט חצי B-cun. אין כאן שימוש במספר מרווח בין־צלעי להגדרת הגובה הראשית.","CV 14 and KI 21 are 6 B-cun above the umbilicus. CV 14 is midline and KI 21 half a B-cun lateral. Their primary level definition uses umbilical measurement rather than an intercostal number.","KI 21","","supplied dataset","","","ממתין לסקירה מקצועית","","",""
"CV 15","227","torsoFront","500","475","On the upper abdomen, 1 B-cun inferior to the xiphisternal junction, on the anterior median line.","המרחק של 1 B-cun מתחיל בחיבור גוף עצם החזה לזיז החרב ופונה מטה. CV 16 משתמשת בחיבור עצמו כעוגן המיקום.","The 1 B-cun measure runs inferiorly from the xiphisternal junction. CV 16 uses the junction itself as its location reference.","CV 16","","supplied dataset","","","ממתין לסקירה מקצועית","","",""
"CV 16","227","torsoFront","500","440","In the anterior thoracic region, at the midpoint of the xiphisternal junction, on the anterior median line.","ציון הדרך הוא חיבור גוף עצם החזה לזיז החרב בקו האמצע. הוא שונה מקצה זיז החרב; CV 15 נמצאת מתחת לחיבור.","The reference is the midline xiphisternal junction. It differs from the tip of the xiphoid process; CV 15 lies inferior to the junction.","CV 15","","supplied dataset","","","ממתין לסקירה מקצועית","","",""
"CV 17","228","torsoFront","500","330","In the anterior thoracic region, at the same level as the fourth intercostal space, on the anterior median line.","CV 17 נמצאת בקו האמצע בגובה המרווח הבין־צלעי הרביעי; KI 23 נמצאת במרווח עצמו, 2 B-cun הצדה. ״בגובה המרווח״ בקו האמצע אינו אומר שהסימון בתוך מרווח בין צלעות.","CV 17 is midline at the fourth-intercostal-space level; KI 23 lies in that space 2 B-cun laterally. A midline point level with a space is not itself inside an intercostal space.","KI 23","","supplied dataset","","","ממתין לסקירה מקצועית","","",""
"CV 18","228","torsoFront","500","280","In the anterior thoracic region, at the same level as the third intercostal space, on the anterior median line.","גובה המרווח הבין־צלעי השלישי מגדיר את CV 18 בקו האמצע. ST 16 נמצאת במרווח, 4 B-cun הצדה. יש להבחין בין השלכת הגובה על עצם החזה לבין המרווח בצד.","The third-intercostal-space level defines midline CV 18. ST 16 lies in the space 4 B-cun laterally. Distinguish projection onto the sternum from the actual lateral intercostal interval.","ST 16","","supplied dataset","","","ממתין לסקירה מקצועית","","",""
"CV 19","229","torsoFront","500","230","In the anterior thoracic region, at the same level as the second intercostal space, on the anterior median line.","CV 19 נמצאת בקו האמצע בגובה המרווח הבין־צלעי השני. KI 25 נמצאת במרווח השני בהיסט 2 B-cun. הגובה נשמר, בעוד המבנה שמתחת לסימון שונה.","CV 19 is midline at the second-intercostal-space level. KI 25 is in the second space at a 2 B-cun offset. The level is shared while the underlying regional structure differs.","KI 25","","supplied dataset","","","ממתין לסקירה מקצועית","","",""
"CV 20","229","torsoFront","500","180","In the anterior thoracic region, at the same level as the first intercostal space, on the anterior median line.","CV 20 משתמשת בגובה המרווח הבין־צלעי הראשון על קו האמצע; KI 26 נמצאת במרווח עצמו, 2 B-cun הצדה. מיקום מרכזי על עצם החזה אינו מרווח בין שתי צלעות.","CV 20 uses the first-intercostal-space level on the midline; KI 26 lies in the space 2 B-cun laterally. A central sternal reference is not a gap between two ribs.","KI 26","","supplied dataset","","","ממתין לסקירה מקצועית","","",""
"CV 21","230","torsoFront","500","130","In the anterior thoracic region, 1 B-cun inferior to the suprasternal fossa, on the anterior median line. Note: CV21 is located 1 B-cun inferior to CV22.","הגומה שמעל עצם החזה היא העוגן: CV 21 נמצאת 1 B-cun מתחתיה, בקו האמצע. CV 22 משתמשת בגומה עצמה. אין לבלבל את הגבול העליון של החזה עם קצה זיז החרב שבתחתיתו.","The suprasternal fossa is the reference: CV 21 is 1 B-cun inferior to it on the midline; CV 22 uses the fossa itself. Distinguish the upper sternal reference from the inferior xiphoid region.","CV 22","","supplied dataset","","","ממתין לסקירה מקצועית","","",""
"CV 22","230","face","500","925","In the anterior region of the neck, in the centre of the suprasternal fossa, on the anterior median line. Note: CV22 is located in the depression midway between the medial ends of each clavicle.","CV 22 מתוארת בגומה שמעל עצם החזה בבסיס הצוואר. CV 23 קשורה לעצם הלשון בחלק העליון של הצוואר. שתיהן בקו האמצע, אך בגבהים ובמבנים שונים.","CV 22 uses the suprasternal fossa at the neck base. CV 23 relates to the hyoid in the upper neck. Both are midline points with different levels and structures.","CV 23","","supplied dataset","","","ממתין לסקירה מקצועית","","",""
"CV 23","231","face","500","763","In the anterior region of the neck, superior to superior border to thyroid cartilage, in the depression superior to the hyoid bone, on the anterior median line. Note: With the head slightly extended, the hyoid tubercle can be palpated between the mandible and the thyroid cartilage.","CV 22 מתוארת בגומה שמעל עצם החזה בבסיס הצוואר. CV 23 קשורה לעצם הלשון בחלק העליון של הצוואר. שתיהן בקו האמצע, אך בגבהים ובמבנים שונים.","CV 22 uses the suprasternal fossa at the neck base. CV 23 relates to the hyoid in the upper neck. Both are midline points with different levels and structures.","CV 22","","supplied dataset","","","ממתין לסקירה מקצועית","","",""
"CV 24","231","face","500","679","On the face, in the depression in the centre of the mentolabial sulcus.","CV 24 קשורה לקפל שבין השפה התחתונה לסנטר. GV 27 נמצאת באזור השפה העליונה. שני המבטים קדמיים, אך מדובר בשתי שפות ובשני ציוני דרך נפרדים.","CV 24 uses the mentolabial groove below the lower lip. GV 27 concerns the upper lip. Both are anterior, but the lip and landmark differ.","GV 27","","supplied dataset","","","ממתין לסקירה מקצועית","","",""
